-1,"Acacia Door (Lower, Facing East, Closed)",minecraft:acacia_door,facing,west,open,false,half,lower
-1,"Acacia Door (Lower, Facing East, Opened)",minecraft:acacia_door,facing,west,open,true,half,lower
-1,"Acacia Door (Lower, Facing North, Closed)",minecraft:acacia_door,facing,south,open,false,half,lower
-1,"Acacia Door (Lower, Facing North, Opened)",minecraft:acacia_door,facing,south,open,true,half,lower
-1,"Acacia Door (Lower, Facing South, Closed)",minecraft:acacia_door,facing,north,open,false,half,lower
-1,"Acacia Door (Lower, Facing South, Opened)",minecraft:acacia_door,facing,north,open,true,half,lower
-1,"Acacia Door (Lower, Facing West, Closed)",minecraft:acacia_door,facing,east,open,false,half,lower
-1,"Acacia Door (Lower, Facing West, Opened)",minecraft:acacia_door,facing,east,open,true,half,lower
-1,"Acacia Door (Upper, Hinge Left, Powered)",minecraft:acacia_door,hinge,left,powered,true,half,upper
-1,"Acacia Door (Upper, Hinge Left, Unpowered)",minecraft:acacia_door,hinge,left,powered,false,half,upper
-1,"Acacia Door (Upper, Hinge Right, Unpowered)",minecraft:acacia_door,hinge,right,powered,false,half,upper
-1,Acacia Fence,minecraft:acacia_fence,,,,,,
-1,"Acacia Fence Gate (Facing North, Closed)",minecraft:acacia_fence_gate,facing,north,open,false,,
-1,"Acacia Fence Gate (Facing West, Closed)",minecraft:acacia_fence_gate,facing,west,open,false,,
-1,Acacia Leaves,minecraft:acacia_leaves,persistent,true,,,,
-1,Acacia Leaves (No Decay),minecraft:acacia_leaves,persistent,true,,,,
-1,Acacia Leaves (No Decay and Check Decay),minecraft:acacia_leaves,persistent,true,,,,
-1,Acacia Wood,minecraft:acacia_log,axis,y,,,,
421,"Acacia Wood, Facing East/West",minecraft:acacia_log,axis,x,,,,
-1,"Acacia Wood, Facing North/South",minecraft:acacia_log,axis,z,,,,
-1,Acacia Wood (No axis),minecraft:acacia_wood,,,,,,
-1,Acacia Wood Plank,minecraft:acacia_planks,,,,,,
-1,"Sapling (Acacia, Ready to grow)",minecraft:acacia_sapling,,,,,,
-1,Double Acacia Wood Slab,minecraft:acacia_slab,type,double,,,,
-1,"(Acacia Wood, Upper)",minecraft:acacia_slab,type,top,,,,
-1,"(Acacia Wood, Bottom)",minecraft:acacia_slab,type,bottom,,,,
-1,"Acacia Wood Stairs (East, Normal)",minecraft:acacia_stairs,half,bottom,facing,east,,
-1,"Acacia Wood Stairs (East, Upside-down)",minecraft:acacia_stairs,half,top,facing,east,,
-1,"Acacia Wood Stairs (North, Normal)",minecraft:acacia_stairs,half,bottom,facing,north,,
-1,"Acacia Wood Stairs (North, Upside-down)",minecraft:acacia_stairs,half,top,facing,north,,
-1,"Acacia Wood Stairs (South, Normal)",minecraft:acacia_stairs,half,bottom,facing,south,,
-1,"Acacia Wood Stairs (South, Upside-down)",minecraft:acacia_stairs,half,top,facing,south,,
-1,"Acacia Wood Stairs (West, Normal)",minecraft:acacia_stairs,half,bottom,facing,west,,
-1,"Acacia Wood Stairs (West, Upside-down)",minecraft:acacia_stairs,half,top,facing,west,,
-1,"Activator Rail (Flat North-South, Not Active)",minecraft:activator_rail,,,,,,
-1,"Activator Rail (Flat West-East, Not Active)",minecraft:activator_rail,,,,,,
1184,Allium,minecraft:allium,,,,,,
13,Andesite,minecraft:andesite,,,,,,
-1,Very Damaged Anvil (East/West),minecraft:anvil,facing,west,,,,
-1,Very Damaged Anvil (North/South),minecraft:anvil,facing,south,,,,
-1,Very Damaged Anvil (South/North),minecraft:anvil,facing,north,,,,
-1,Very Damaged Anvil (West/East),minecraft:anvil,facing,east,,,,
-1,Slightly Damaged Anvil (East/West),minecraft:anvil,facing,west,,,,
-1,Slightly Damaged Anvil (North/South),minecraft:anvil,facing,south,,,,
-1,Slightly Damaged Anvil (South/North),minecraft:anvil,facing,north,,,,
-1,Slightly Damaged Anvil (West/East),minecraft:anvil,facing,east,,,,
930,Anvil (East/West),minecraft:anvil,facing,west,,,,
232,Anvil (North/South),minecraft:anvil,facing,south,,,,
326,Anvil (South/North),minecraft:anvil,facing,north,,,,
931,Anvil (West/East),minecraft:anvil,facing,east,,,,
284,Azure Bluet,minecraft:azure_bluet,,,,,,
-1,Barrier,minecraft:barrier,,,,,,
222,Beacon,minecraft:beacon,,,,,,
38,Bedrock,minecraft:bedrock,,,,,,
-1,"Birch Door (Lower, Facing East, Closed)",minecraft:birch_door,half,lower,facing,west,open,false
-1,"Birch Door (Lower, Facing East, Opened)",minecraft:birch_door,half,lower,facing,west,open,true
-1,"Birch Door (Lower, Facing North, Closed)",minecraft:birch_door,half,lower,facing,south,open,false
-1,"Birch Door (Lower, Facing North, Opened)",minecraft:birch_door,half,lower,facing,south,open,true
973,"Birch Door (Lower, Facing South, Closed)",minecraft:birch_door,half,lower,facing,north,open,false
-1,"Birch Door (Lower, Facing South, Opened)",minecraft:birch_door,half,lower,facing,north,open,true
-1,"Birch Door (Lower, Facing West, Closed)",minecraft:birch_door,half,lower,facing,east,open,false
-1,"Birch Door (Upper, Hinge Left, Powered)",minecraft:birch_door,half,upper,hinge,left,powered,true
-1,"Birch Door (Upper, Hinge Left, Unpowered)",minecraft:birch_door,half,upper,hinge,left,powered,false
-1,"Birch Door (Upper, Hinge Right, Powered)",minecraft:birch_door,half,upper,hinge,right,powered,true
979,"Birch Door (Upper, Hinge Right, Unpowered)",minecraft:birch_door,half,upper,hinge,right,powered,false
908,Birch Fence,minecraft:birch_fence,,,,,,
-1,"Birch Fence Gate (Facing East, Closed)",minecraft:birch_fence_gate,facing,east,open,false,,
-1,"Birch Fence Gate (Facing North, Closed)",minecraft:birch_fence_gate,facing,north,open,false,,
-1,"Birch Fence Gate (Facing South, Closed)",minecraft:birch_fence_gate,facing,south,open,false,,
-1,"Birch Fence Gate (Facing West, Closed)",minecraft:birch_fence_gate,facing,west,open,false,,
-1,Birch Leaves,minecraft:birch_leaves,persistent,true,,,,
-1,Birch Leaves (No Decay),minecraft:birch_leaves,persistent,true,,,,
321,Birch Leaves (No Decay and Check Decay),minecraft:birch_leaves,persistent,true,,,,
31,Birch Wood,minecraft:birch_log,axis,y,,,,
431,Birch Wood (facing east/west),minecraft:birch_log,axis,x,,,,
302,Birch Wood (facing north/south),minecraft:birch_log,axis,z,,,,
-1,Birch Wood (only bark),minecraft:birch_wood,,,,,,
21,Birch Wood Plank,minecraft:birch_planks,,,,,,
1407,"Sapling (Birch, Ready to grow)",minecraft:birch_sapling,stage,0,,,,
201,Double Birch Wood Slab,minecraft:birch_slab,type,double,,,,
1137,"(Birch Wood, Upper)",minecraft:birch_slab,type,top,,,,
-1,"(Birch Wood, Bottom)",minecraft:birch_slab,type,bottom,,,,
219,"Birch Wood Stairs (East, Normal)",minecraft:birch_stairs,half,bottom,facing,east,,
-1,"Birch Wood Stairs (East, Upside-down)",minecraft:birch_stairs,half,top,facing,east,,
441,"Birch Wood Stairs (North, Normal)",minecraft:birch_stairs,half,bottom,facing,north,,
-1,"Birch Wood Stairs (North, Upside-down)",minecraft:birch_stairs,half,top,facing,north,,
440,"Birch Wood Stairs (South, Normal)",minecraft:birch_stairs,half,bottom,facing,south,,
-1,"Birch Wood Stairs (South, Upside-down)",minecraft:birch_stairs,half,top,facing,south,,
439,"Birch Wood Stairs (West, Normal)",minecraft:birch_stairs,half,bottom,facing,west,,
-1,"Birch Wood Stairs (West, Upside-down)",minecraft:birch_stairs,half,top,facing,west,,
1111,Black Carpet,minecraft:black_carpet,,,,,,
161,Black Stained Glass,minecraft:black_stained_glass,,,,,,
275,Black Stained Glass Pane,minecraft:black_stained_glass_pane,,,,,,
259,Black Stained Clay,minecraft:black_terracotta,,,,,,
39,Black Wool,minecraft:black_wool,,,,,,
1107,Blue Carpet,minecraft:blue_carpet,,,,,,
1183,Blue Orchid,minecraft:blue_orchid,,,,,,
-1,Blue Stained Glass,minecraft:blue_stained_glass,,,,,,
-1,Blue Stained Glass Pane,minecraft:blue_stained_glass_pane,,,,,,
-1,Blue Stained Clay,minecraft:blue_terracotta,,,,,,
69,Blue Wool,minecraft:blue_wool,,,,,,
-1,Bone Block (Oriented east-west),minecraft:bone_block,,,,,,
-1,Bone Block (Oriented north-south),minecraft:bone_block,,,,,,
-1,Bone Block (Oriented vertically),minecraft:bone_block,,,,,,
95,Bookshelf,minecraft:bookshelf,,,,,,
-1,"Brewing Stand (Slot 1 Active, Slot 2 Active, Slot 3 Active)",minecraft:brewing_stand,has_bottle_0,true,has_bottle_1,true,has_bottle_2,true
-1,"Brewing Stand (Slot 1 Active, Slot 2 Active, Slot 3 Unactive",minecraft:brewing_stand,has_bottle_0,true,has_bottle_1,true,,
-1,"Brewing Stand (Slot 1 Active, Slot 2 Unactive, Slot 3 Active",minecraft:brewing_stand,has_bottle_0,true,has_bottle_2,true,,
-1,"Brewing Stand (Slot 1 Active, Slot 2 Unactive, Slot 3 Unacti",minecraft:brewing_stand,has_bottle_0,true,,,,
-1,"Brewing Stand (Slot 1 Unactive, Slot 2 Active, Slot 3 Active",minecraft:brewing_stand,has_bottle_1,true,has_bottle_2,true,,
-1,"Brewing Stand (Slot 1 Unactive, Slot 2 Active, Slot 3 Unacti",minecraft:brewing_stand,has_bottle_1,true,,,,
-1,"Brewing Stand (Slot 1 Unactive, Slot 2 Unactive, Slot 3 Acti",minecraft:brewing_stand,has_bottle_2,true,,,,
191,"Brewing Stand (Slot 1 Unactive, Slot 2 Unactive, Slot 3 Unac",minecraft:brewing_stand,,,,,,
81,Double Brick Slab,minecraft:brick_slab,type,double,,,,
89,Brick Slab,minecraft:brick_slab,type,bottom,,,,
-1,Bricks (Upper),minecraft:brick_slab,type,top,,,,
182,"Brick Stairs (East, Normal)",minecraft:brick_stairs,half,bottom,facing,east,,
588,"Brick Stairs (East, Upside-down)",minecraft:brick_stairs,half,top,facing,east,,
587,"Brick Stairs (North, Normal)",minecraft:brick_stairs,half,bottom,facing,north,,
591,"Brick Stairs (North, Upside-down)",minecraft:brick_stairs,half,top,facing,north,,
586,"Brick Stairs (South, Normal)",minecraft:brick_stairs,half,bottom,facing,south,,
590,"Brick Stairs (South, Upside-down)",minecraft:brick_stairs,half,top,facing,south,,
585,"Brick Stairs (West, Normal)",minecraft:brick_stairs,half,bottom,facing,west,,
589,"Brick Stairs (West, Upside-down)",minecraft:brick_stairs,half,top,facing,west,,
93,Bricks,minecraft:bricks,,,,,,
1108,Brown Carpet,minecraft:brown_carpet,,,,,,
1552,Brown Mushroom,minecraft:brown_mushroom,,,,,,
-1,Brown Mushroom Block,minecraft:brown_mushroom_block,,,,,,
-1,Brown Mushroom Block Cap Texture on all 6 Sides,minecraft:brown_mushroom_block,,,,,,
-1,"Brown Mushroom (Cap texture on top, east and south)",minecraft:brown_mushroom_block,,,,,,
-1,"Brown Mushroom (Cap texture on top, north and east)",minecraft:brown_mushroom_block,,,,,,
-1,"Brown Mushroom (Cap texture on top, south and west)",minecraft:brown_mushroom_block,,,,,,
-1,"Brown Mushroom (Cap texture on top, west and north)",minecraft:brown_mushroom_block,,,,,,
-1,Brown Mushroom  (stem  6 sides),minecraft:brown_mushroom_block,,,,,,
-1,Brown Stained Glass,minecraft:brown_stained_glass,,,,,,
-1,Brown Stained Glass Pane,minecraft:brown_stained_glass_pane,,,,,,
-1,Brown Stained Clay,minecraft:brown_terracotta,,,,,,
-1,Brown Wool,minecraft:brown_wool,,,,,,
-1,Freshly Planted Cactus,minecraft:cactus,,,,,,
-1,Cactus (Age 1),minecraft:cactus,,,,,,
-1,Cactus (Age 10),minecraft:cactus,,,,,,
-1,Cactus (Age 11),minecraft:cactus,,,,,,
-1,Cactus (Age 12),minecraft:cactus,,,,,,
-1,Cactus (Age 13),minecraft:cactus,,,,,,
-1,Cactus (Age 15),minecraft:cactus,,,,,,
-1,Cactus (Age 2),minecraft:cactus,,,,,,
-1,Cactus (Age 3),minecraft:cactus,,,,,,
-1,Cactus (Age 4),minecraft:cactus,,,,,,
-1,Cactus (Age 5),minecraft:cactus,,,,,,
-1,Cactus (Age 6),minecraft:cactus,,,,,,
-1,Cactus (Age 7),minecraft:cactus,,,,,,
-1,Cactus (Age 8),minecraft:cactus,,,,,,
-1,Cactus (Age 9),minecraft:cactus,,,,,,
-1,Cake  (1 piece eaten),minecraft:cake,,,,,,
-1,Cake  (2 pieces eaten),minecraft:cake,,,,,,
-1,Cake Block,minecraft:cake,,,,,,
-1,Carrots (Growth level 4),minecraft:carrots,,,,,,
-1,Carrots (Growth level 7),minecraft:carrots,,,,,,
192,Cauldron (Empty),minecraft:cauldron,,,,,,
-1,Cauldron (1/3 Filled),minecraft:water_cauldron,level,1,,,,
-1,Cauldron (2/3 Filled),minecraft:water_cauldron,level,2,,,,
915,Cauldron (Fully Filled),minecraft:water_cauldron,level,3,,,,
-1,Chest,minecraft:chest,,,,,,
525,Chest (East),minecraft:chest,facing,east,,,,
522,Chest (North),minecraft:chest,facing,north,,,,
523,Chest (South),minecraft:chest,facing,south,,,,
524,Chest (West),minecraft:chest,facing,west,,,,
242,Chiseled Quartz Block,minecraft:chiseled_quartz_block,,,,,,
-1,Chiseled Red Sandstone,minecraft:chiseled_red_sandstone,,,,,,
-1,Double Sandstone Slab Seamless,minecraft:chiseled_sandstone,,,,,,
54,Chiseled Sandstone,minecraft:chiseled_sandstone,,,,,,
172,Chiseled Stone Bricks,minecraft:chiseled_stone_bricks,,,,,,
-1,Clay,minecraft:clay,,,,,,
-1,Block of Coal,minecraft:coal_block,,,,,,
46,Coal Ore,minecraft:coal_ore,,,,,,
-1,Coarse Dirt,minecraft:coarse_dirt,,,,,,
18,Cobblestone,minecraft:cobblestone,,,,,,
80,Double Cobblestone Slab,minecraft:cobblestone_slab,type,double,,,,
496,Cobblestone (Upper),minecraft:cobblestone_slab,type,top,,,,
88,Cobblestone Slab,minecraft:cobblestone_slab,type,bottom,,,,
115,"Cobblestone Stairs (East, Normal)",minecraft:cobblestone_stairs,half,bottom,facing,east,,
316,"Cobblestone Stairs (East, Upside-down)",minecraft:cobblestone_stairs,half,top,facing,east,,
315,"Cobblestone Stairs (North, Normal)",minecraft:cobblestone_stairs,half,bottom,facing,north,,
319,"Cobblestone Stairs (North, Upside-down)",minecraft:cobblestone_stairs,half,top,facing,north,,
314,"Cobblestone Stairs (South, Normal)",minecraft:cobblestone_stairs,half,bottom,facing,south,,
318,"Cobblestone Stairs (South, Upside-down)",minecraft:cobblestone_stairs,half,top,facing,south,,
313,"Cobblestone Stairs (West, Normal)",minecraft:cobblestone_stairs,half,bottom,facing,west,,
317,"Cobblestone Stairs (West, Upside-down)",minecraft:cobblestone_stairs,half,top,facing,west,,
223,Cobblestone Wall,minecraft:cobblestone_wall,,,,,,
1095,Cobweb,minecraft:cobweb,,,,,,
-1,"cocoa (Attached to the East, Third Stage)",minecraft:cocoa,,,,,,
-1,"cocoa (Attached to the North, Third Stage)",minecraft:cocoa,,,,,,
-1,"cocoa (Attached to the South, Third Stage)",minecraft:cocoa,,,,,,
-1,"cocoa (Attached to the West, Third Stage)",minecraft:cocoa,,,,,,
-1,Command block (facing east),minecraft:command_block,,,,,,
-1,Command block (facing north),minecraft:command_block,,,,,,
-1,Command block (facing south),minecraft:command_block,,,,,,
-1,Command block (facing up),minecraft:command_block,,,,,,
-1,Command block (facing west),minecraft:command_block,,,,,,
-1,"Redstone Comparator (Facing East, Unset, Powered)",minecraft:comparator,,,,,,
-1,"Redstone Comparator (Facing East, Unset, Unpowered )",minecraft:comparator,,,,,,
-1,"Redstone Comparator (Facing North, Unset, Unpowered )",minecraft:comparator,,,,,,
-1,"Redstone Comparator (Facing South, Unset, Unpowered )",minecraft:comparator,,,,,,
-1,"Redstone Comparator (Facing West, Substraction mode, Powered",minecraft:comparator,,,,,,
171,Cracked Stone Bricks,minecraft:cracked_stone_bricks,,,,,,
106,Crafting Table,minecraft:crafting_table,,,,,,
-1,Cyan Carpet,minecraft:cyan_carpet,,,,,,
155,Cyan Stained Glass,minecraft:cyan_stained_glass,,,,,,
269,Cyan Stained Glass Pane,minecraft:cyan_stained_glass_pane,,,,,,
-1,Cyan Stained Clay,minecraft:cyan_terracotta,,,,,,
68,Cyan Wool,minecraft:cyan_wool,,,,,,
283,Dandelion,minecraft:dandelion,,,,,,
1008,"Dark Oak Door (Lower, Facing East, Closed)",minecraft:dark_oak_door,half,lower,facing,west,open,false
1012,"Dark Oak Door (Lower, Facing East, Opened)",minecraft:dark_oak_door,half,lower,facing,west,open,true
1007,"Dark Oak Door (Lower, Facing North, Closed)",minecraft:dark_oak_door,half,lower,facing,south,open,false
1011,"Dark Oak Door (Lower, Facing North, Opened)",minecraft:dark_oak_door,half,lower,facing,south,open,true
1009,"Dark Oak Door (Lower, Facing South, Closed)",minecraft:dark_oak_door,half,lower,facing,north,open,false
1013,"Dark Oak Door (Lower, Facing South, Opened)",minecraft:dark_oak_door,half,lower,facing,north,open,true
1006,"Dark Oak Door (Lower, Facing West, Closed)",minecraft:dark_oak_door,half,lower,facing,east,open,false
1010,"Dark Oak Door (Lower, Facing West, Opened)",minecraft:dark_oak_door,half,lower,facing,east,open,true
-1,"Dark Oak Door (Upper, Hinge Left, Powered)",minecraft:dark_oak_door,half,upper,hinge,left,powered,true
1014,"Dark Oak Door (Upper, Hinge Left, Unpowered)",minecraft:dark_oak_door,half,upper,hinge,left,powered,false
-1,"Dark Oak Door (Upper, Hinge Right, Powered)",minecraft:dark_oak_door,half,upper,hinge,right,powered,true
1015,"Dark Oak Door (Upper, Hinge Right, Unpowered)",minecraft:dark_oak_door,half,upper,hinge,right,powered,false
910,Dark Oak Fence,minecraft:dark_oak_fence,,,,,,
-1,"Dark Oak Fence Gate (Facing East, Closed)",minecraft:dark_oak_fence_gate,facing,east,open,false,,
-1,"Dark Oak Fence Gate (Facing East, Opened)",minecraft:dark_oak_fence_gate,facing,east,open,true,,
-1,"Dark Oak Fence Gate (Facing North, Closed)",minecraft:dark_oak_fence_gate,facing,north,open,false,,
-1,"Dark Oak Fence Gate (Facing North, Opened)",minecraft:dark_oak_fence_gate,facing,north,open,true,,
-1,"Dark Oak Fence Gate (Facing South, Closed)",minecraft:dark_oak_fence_gate,facing,south,open,false,,
-1,"Dark Oak Fence Gate (Facing South, Opened)",minecraft:dark_oak_fence_gate,facing,south,open,true,,
-1,"Dark Oak Fence Gate (Facing West, Closed)",minecraft:dark_oak_fence_gate,facing,west,open,false,,
-1,"Dark Oak Fence Gate (Facing West, Opened)",minecraft:dark_oak_fence_gate,facing,west,open,true,,
-1,Dark Oak Leaves,minecraft:dark_oak_leaves,persistent,true,,,,
-1,Dark Oak Leaves (Check Decay and No Decay),minecraft:dark_oak_leaves,persistent,true,,,,
-1,Dark Oak Leaves (No Decay),minecraft:dark_oak_leaves,persistent,true,,,,
281,Dark Oak Wood,minecraft:dark_oak_log,axis,y,,,,
422,"Dark Oak Wood, Facing East/West",minecraft:dark_oak_log,axis,x,,,,
424,"Dark Oak Wood, Facing North/South",minecraft:dark_oak_log,axis,z,,,,
-1,Dark Oak Wood (No Axis),minecraft:dark_oak_wood,,,,,,
25,Dark Oak Wood Plank,minecraft:dark_oak_planks,,,,,,
-1,"Sapling (Dark Oak, Ready to grow)",minecraft:dark_oak_sapling,,,,,,
-1,Standing Sign (NorthEast),minecraft:oak_sign,,,,,,
-1,Standing Sign (NorthWest),minecraft:oak_sign,,,,,,
-1,Standing Sign (SouthEast),minecraft:oak_sign,,,,,,
-1,Standing Sign (SouthWest),minecraft:oak_sign,,,,,,
204,Double Dark Oak Wood Slab,minecraft:dark_oak_slab,type,double,,,,
210,Dark Oak Wood Slab (Bottom),minecraft:dark_oak_slab,type,bottom,,,,
1140,Dark Oak Wood Slab (Upper),minecraft:dark_oak_slab,type,top,,,,
278,"Dark Oak Wood Stairs (East, Normal)",minecraft:dark_oak_stairs,half,bottom,facing,east,,
532,"Dark Oak Wood Stairs (East, Upside-down)",minecraft:dark_oak_stairs,half,top,facing,east,,
531,"Dark Oak Wood Stairs (North, Normal)",minecraft:dark_oak_stairs,half,bottom,facing,north,,
535,"Dark Oak Wood Stairs (North, Upside-down)",minecraft:dark_oak_stairs,half,top,facing,north,,
530,"Dark Oak Wood Stairs (South, Normal)",minecraft:dark_oak_stairs,half,bottom,facing,south,,
534,"Dark Oak Wood Stairs (South, Upside-down)",minecraft:dark_oak_stairs,half,top,facing,south,,
529,"Dark Oak Wood Stairs (West, Normal)",minecraft:dark_oak_stairs,half,bottom,facing,west,,
533,"Dark Oak Wood Stairs (West, Upside-down)",minecraft:dark_oak_stairs,half,top,facing,west,,
-1,Dark Prismarine,minecraft:dark_prismarine,,,,,,
-1,Daylight Sensor (Power level 0),minecraft:daylight_detector,,,,,,
-1,Daylight Sensor (Power level 1),minecraft:daylight_detector,,,,,,
1346,Daylight Sensor (Power level 10),minecraft:daylight_detector,,,,,,
-1,Daylight Sensor (Power level 11),minecraft:daylight_detector,,,,,,
-1,Daylight Sensor (Power level 12),minecraft:daylight_detector,,,,,,
-1,Daylight Sensor (Power level 13),minecraft:daylight_detector,,,,,,
-1,Daylight Sensor (Power level 14),minecraft:daylight_detector,,,,,,
-1,Daylight Sensor (Power level 15),minecraft:daylight_detector,,,,,,
1338,Daylight Sensor (Power level 2),minecraft:daylight_detector,,,,,,
-1,Daylight Sensor (Power level 3),minecraft:daylight_detector,,,,,,
1340,Daylight Sensor (Power level 4),minecraft:daylight_detector,,,,,,
1341,Daylight Sensor (Power level 5),minecraft:daylight_detector,,,,,,
-1,Daylight Sensor (Power level 6),minecraft:daylight_detector,,,,,,
1343,Daylight Sensor (Power level 7),minecraft:daylight_detector,,,,,,
1344,Daylight Sensor (Power level 8),minecraft:daylight_detector,,,,,,
-1,Daylight Sensor (Power level 9),minecraft:daylight_detector,,,,,,
-1,Dead Shrub,minecraft:dead_bush,,,,,,
1352,Dead Bush,minecraft:dead_bush,,,,,,
1250,"Detector Rail (Flat, North-South, Unactive)",minecraft:detector_rail,,,,,,
1251,"Detector Rail (Flat, West-East, Unactive)",minecraft:detector_rail,shape,east_west,,,,
105,Diamond Block,minecraft:diamond_block,,,,,,
-1,Diamond Ore,minecraft:diamond_ore,,,,,,
-1,Diorite,minecraft:diorite,,,,,,
15,Dirt,minecraft:dirt,,,,,,
-1,"Dispenser (Facing Down, Activated)",minecraft:dispenser,facing,down,triggered,true,,
-1,"Dispenser (Facing Down, Unactive)",minecraft:dispenser,facing,down,,,,
1283,"Dispenser (Facing East, Unactive)",minecraft:dispenser,facing,east,,,,
-1,"Dispenser (Facing North, Activated)",minecraft:dispenser,facing,north,triggered,true,,
-1,"Dispenser (Facing South, Activated)",minecraft:dispenser,facing,south,triggered,true,,
1279,"Dispenser (Facing Up, Unactive)",minecraft:dispenser,facing,up,,,,
-1,"Dispenser (Facing West, Activated)",minecraft:dispenser,facing,west,triggered,true,,
1282,"Dispenser (Facing West, Unactive)",minecraft:dispenser,facing,west,,,,
-1,"Dispenser (Facing North, Unactive)",minecraft:dispenser,facing,north,,,,
-1,"Dispenser (Facing South, Unactive)",minecraft:dispenser,facing,south,,,,
196,Dragon Egg,minecraft:dragon_egg,,,,,,
-1,"Dropper (Facing Down, Unactive)",minecraft:dropper,facing,down,,,,
-1,"Dropper (Facing East, Activated)",minecraft:dropper,facing,east,triggered,true,,
1269,"Dropper (Facing East, Unactive)",minecraft:dropper,facing,east,,,,
-1,"Dropper (Facing North, Activated)",minecraft:dropper,facing,north,triggered,true,,
1266,"Dropper (Facing North, Unactive)",minecraft:dropper,facing,north,,,,
-1,"Dropper (Facing Up, Unactive)",minecraft:dropper,facing,up,,,,
-1,"Dropper (Facing West, Activated)",minecraft:dropper,facing,west,triggered,true,,
-1,"Dropper (Facing West, Unactive)",minecraft:dropper,facing,west,,,,
-1,"Dropper (Facing South, Unactive)",minecraft:dropper,facing,south,,,,
217,Emerald Block,minecraft:emerald_block,,,,,,
-1,Emerald Ore,minecraft:emerald_ore,,,,,,
190,Enchantment Table,minecraft:enchanting_table,,,,,,
-1,End Portal,minecraft:end_portal,,,,,,
-1,"End Portal Frame (Vectors to the East, Empty)",minecraft:end_portal_frame,,,,,,
-1,"End Portal Frame (Vectors to the North, Empty)",minecraft:end_portal_frame,,,,,,
-1,"End Portal Frame (Vectors to the West, Empty)",minecraft:end_portal_frame,,,,,,
-1,"End Portal Frame (Vectors to the East, Eye of Ender)",minecraft:end_portal_frame,,,,,,
-1,"End Portal Frame (Vectors to the North, Eye of Ender)",minecraft:end_portal_frame,,,,,,
-1,"End Portal Frame (Vectors to the South, Empty)",minecraft:end_portal_frame,,,,,,
-1,"End Portal Frame (Vectors to the South, Eye of Ender)",minecraft:end_portal_frame,,,,,,
-1,"End Portal Frame (Vectors to the West, Eye of Ender)",minecraft:end_portal_frame,,,,,,
-1,End Rod (Facing Down),minecraft:end_rod,,,,,,
-1,End Rod (Facing East),minecraft:end_rod,,,,,,
-1,End Rod (Facing North),minecraft:end_rod,,,,,,
-1,End Rod (Facing South),minecraft:end_rod,,,,,,
-1,End Rod (Facing Up),minecraft:end_rod,,,,,,
-1,End Rod (Facing West),minecraft:end_rod,,,,,,
195,End Stone,minecraft:end_stone,,,,,,
-1,End Stone Bricks,minecraft:end_stone_bricks,,,,,,
-1,Ender Chest (Facing East),minecraft:ender_chest,,,,,,
-1,Ender Chest (Facing North),minecraft:ender_chest,,,,,,
-1,Ender Chest (Facing South),minecraft:ender_chest,,,,,,
-1,Ender Chest (Facing West),minecraft:ender_chest,,,,,,
108,Farmland (Dry Land),minecraft:farmland,moisture,0,,,,
-1,Farmland (Wet level 1),minecraft:farmland,moisture,1,,,,
-1,Farmland (Wet level 2),minecraft:farmland,moisture,2,,,,
1470,Farmland (Wet level 3),minecraft:farmland,moisture,3,,,,
-1,Farmland (Wet level 4),minecraft:farmland,moisture,4,,,,
1472,Farmland (Wet level 5),minecraft:farmland,moisture,5,,,,
-1,Farmland (Wet level 6),minecraft:farmland,moisture,6,,,,
1474,Farmland (Fully Hydrated),minecraft:farmland,moisture,7,,,,
61,Fern,minecraft:fern,,,,,,
99,Fire (Age 0),minecraft:fire,age,0,,,,
-1,Fire (Age 2),minecraft:fire,age,2,,,,
-1,Fire (Age 6),minecraft:fire,age,6,,,,
-1,Fire (Age 14),minecraft:fire,age,14,,,,
1127,Fire (Age 15),minecraft:fire,age,15,,,,
227,Flower Pot,minecraft:flower_pot,,,,,,
-1,Burning Furnace (),minecraft:furnace,lit,true,,,,
906,Burning Furnace (Facing East),minecraft:furnace,facing,east,lit,true,,
-1,Burning Furnace (Facing North),minecraft:furnace,facing,north,lit,true,,
904,Burning Furnace (Facing South),minecraft:furnace,facing,south,lit,true,,
-1,Burning Furnace (Facing West),minecraft:furnace,facing,west,lit,true,,
901,Furnace (Facing East),minecraft:furnace,facing,east,,,,
898,Furnace (Facing North),minecraft:furnace,facing,north,,,,
899,Furnace (Facing South),minecraft:furnace,facing,south,,,,
900,Furnace (Facing West),minecraft:furnace,facing,west,,,,
49,Glass,minecraft:glass,,,,,,
176,Glass Pane,minecraft:glass_pane,,,,,,
137,Glowstone,minecraft:glowstone,,,,,,
73,Gold Block,minecraft:gold_block,,,,,,
44,Gold Ore,minecraft:gold_ore,,,,,,
5,Granite,minecraft:granite,,,,,,
14,Grass,minecraft:grass_block,,,,,,
60,Grass,minecraft:short_grass,,,,,,
-1,Grass 1,minecraft:grass_block,,,,,,
-1,Grass 2,minecraft:grass_block,,,,,,
1294,Grass 3,minecraft:grass_block,,,,,,
1647,grass 6,minecraft:grass_block,,,,,,
1648,Grass 7,minecraft:grass_block,,,,,,
-1,Grass Path,minecraft:grass_path,,,,,,
28,Gravel,minecraft:gravel,,,,,,
1103,Gray Carpet,minecraft:gray_carpet,,,,,,
-1,Gray Stained Glass,minecraft:gray_stained_glass,,,,,,
-1,Gray Stained Glass Pane,minecraft:gray_stained_glass_pane,,,,,,
-1,Gray Stained Clay,minecraft:gray_terracotta,,,,,,
66,Gray Wool,minecraft:gray_wool,,,,,,
1109,Green Carpet,minecraft:green_carpet,,,,,,
-1,Green Stained Glass,minecraft:green_stained_glass,,,,,,
-1,Green Stained Glass Pane,minecraft:green_stained_glass_pane,,,,,,
-1,Green Stained Clay,minecraft:green_terracotta,,,,,,
71,Green Wool,minecraft:green_wool,,,,,,
721,Hay Bale (Axis X),minecraft:hay_block,axis,x,,,,
-1,Hay Bale (Axis Y),minecraft:hay_block,axis,y,,,,
-1,Hay Bale (Axis Z),minecraft:hay_block,axis,z,,,,
235,Weighted Pressure Plate (heavy),minecraft:heavy_weighted_pressure_plate,,,,,,
241,"Hopper (Output Facing Down, Disabled)",minecraft:hopper,facing,down,enabled,false,,
-1,"Hopper (Output Facing East, Disabled)",minecraft:hopper,facing,east,enabled,false,,
1388,"Hopper (Output Facing North, Disabled)",minecraft:hopper,facing,north,enabled,false,,
1389,"Hopper (Output Facing South, Disabled)",minecraft:hopper,facing,south,enabled,false,,
1390,"Hopper (Output Facing West, Disabled)",minecraft:hopper,facing,west,enabled,false,,
-1,"Hopper (Output Facing Down, Activated)",minecraft:hopper,facing,down,enabled,true,,
-1,"Hopper (Output Facing East, Activated)",minecraft:hopper,facing,east,enabled,true,,
-1,"Hopper (Output Facing North, Activated)",minecraft:hopper,facing,north,enabled,true,,
1395,"Hopper (Output Facing South, Activated)",minecraft:hopper,facing,south,enabled,true,,
1396,"Hopper (Output Facing West, Activated)",minecraft:hopper,facing,west,enabled,true,,
127,Ice,minecraft:ice,,,,,,
-1,Chiseled Stone Brick Monster Egg,minecraft:infested_chiseled_stone_bricks,,,,,,
-1,Cobblestone Monster Egg,minecraft:infested_cobblestone,,,,,,
-1,Cracked Stone Brick Monster Egg,minecraft:infested_cracked_stone_bricks,,,,,,
-1,Mossy Stone Brick Monster Egg,minecraft:infested_mossy_stone_bricks,,,,,,
-1,Stone Monster Egg,minecraft:infested_stone,,,,,,
165,Stone Brick Monster Egg,minecraft:infested_stone_bricks,,,,,,
1644,Iron Bars 1,minecraft:iron_bars,,,,,,
173,Iron Bars,minecraft:iron_bars,,,,,,
74,Iron Block,minecraft:iron_block,,,,,,
462,"Iron Door (Lower, Facing East, Opened)",minecraft:iron_door,facing,west,open,true,half,lower
-1,"Iron Door (Lower, Facing North, Opened)",minecraft:iron_door,facing,south,open,true,half,lower
459,"Iron Door (Lower, Facing South, Closed)",minecraft:iron_door,facing,north,open,false,half,lower
-1,"Iron Door (Lower, Facing South, Opened)",minecraft:iron_door,facing,north,open,true,half,lower
-1,"Iron Door (Lower, Facing West, Opened)",minecraft:iron_door,facing,east,open,true,half,lower
466,"Iron Door (Upper, Hinge Left, Powered)",minecraft:iron_door,hinge,left,powered,true,half,upper
467,"Iron Door (Upper, Hinge Right, Powered)",minecraft:iron_door,hinge,right,powered,true,half,upper
458,"Iron Door (Lower, Facing East, Closed)",minecraft:iron_door,facing,west,open,false,half,lower
119,"Iron Door (Lower, Facing West, Closed)",minecraft:iron_door,facing,east,open,false,half,lower
457,"Iron Door (Lower, Facing North, Closed)",minecraft:iron_door,facing,south,open,false,half,lower
465,"Iron Door (Upper, Hinge Right, Unpowered)",minecraft:iron_door,hinge,right,powered,false,half,upper
464,"Iron Door (Upper, Hinge Left, Unpowered)",minecraft:iron_door,hinge,left,powered,false,half,upper
-1,Iron Ore,minecraft:iron_ore,,,,,,
-1,"Iron Trapdoor (East from block, Closed, Bottom half)",minecraft:iron_trapdoor,half,bottom,facing,west,open,false
891,"Iron Trapdoor (East from block, Closed, Top Half)",minecraft:iron_trapdoor,half,top,facing,west,open,false
-1,"Iron Trapdoor (East from block, Open, Bottom half)",minecraft:iron_trapdoor,half,bottom,facing,west,open,true
-1,"Iron Trapdoor (East from block, Open, Top Half)",minecraft:iron_trapdoor,half,top,facing,west,open,true
-1,"Iron Trapdoor (North from block, Closed, Bottom half)",minecraft:iron_trapdoor,half,bottom,facing,east,open,false
892,"Iron Trapdoor (North from block, Closed, Top Half)",minecraft:iron_trapdoor,half,top,facing,east,open,false
-1,"Iron Trapdoor (North from block, Open, Bottom half)",minecraft:iron_trapdoor,half,bottom,facing,east,open,true
-1,"Iron Trapdoor (North from block, Open, Top Half)",minecraft:iron_trapdoor,half,top,facing,east,open,true
-1,"Iron Trapdoor (South from block, Closed, Bottom half)",minecraft:iron_trapdoor,half,bottom,facing,south,open,false
890,"Iron Trapdoor (South from block, Closed, Top Half)",minecraft:iron_trapdoor,half,top,facing,south,open,false
-1,"Iron Trapdoor (South from block, Open, Bottom half)",minecraft:iron_trapdoor,half,bottom,facing,south,open,true
-1,"Iron Trapdoor (South from block, Open, Top Half)",minecraft:iron_trapdoor,half,top,facing,south,open,true
881,"Iron Trapdoor (West from block, Closed, Bottom half)",minecraft:iron_trapdoor,half,bottom,facing,north,open,false
889,"Iron Trapdoor (West from block, Closed, Top Half)",minecraft:iron_trapdoor,half,top,facing,north,open,false
-1,"Iron Trapdoor (West from block, Open, Bottom half)",minecraft:iron_trapdoor,half,bottom,facing,north,open,true
-1,"Iron Trapdoor (West from block, Open, Top Half)",minecraft:iron_trapdoor,half,top,facing,north,open,true
-1,Jack-o-Lantern (Facing East),minecraft:jack_o_lantern,facing,east,,,,
-1,Jack-o-Lantern (Facing North),minecraft:jack_o_lantern,facing,north,,,,
-1,Jack-o-Lantern (Facing South),minecraft:jack_o_lantern,facing,south,,,,
1581,Jack-o-Lantern (Facing West),minecraft:jack_o_lantern,facing,west,,,,
-1,Jukebox (Disc inside),minecraft:jukebox,has_record,true,,,,
132,Jukebox,minecraft:jukebox,,,,,,
-1,"Jungle Door (Lower, Facing East, Closed)",minecraft:jungle_door,facing,west,open,false,half,lower
-1,"Jungle Door (Lower, Facing East, Opened)",minecraft:jungle_door,facing,west,open,true,half,lower
-1,"Jungle Door (Lower, Facing North, Closed)",minecraft:jungle_door,facing,south,open,false,half,lower
-1,"Jungle Door (Lower, Facing North, Opened)",minecraft:jungle_door,facing,south,open,true,half,lower
-1,"Jungle Door (Lower, Facing South, Closed)",minecraft:jungle_door,facing,north,open,false,half,lower
-1,"Jungle Door (Lower, Facing South, Opened)",minecraft:jungle_door,facing,north,open,true,half,lower
-1,"Jungle Door (Lower, Facing West, Closed)",minecraft:jungle_door,facing,east,open,false,half,lower
-1,"Jungle Door (Lower, Facing West, Opened)",minecraft:jungle_door,facing,east,open,true,half,lower
-1,"Jungle Door (Upper, Hinge Left, Unpowered)",minecraft:jungle_door,hinge,left,powered,false,half,upper
-1,"Jungle Door (Upper, Hinge Right, Unpowered)",minecraft:jungle_door,hinge,right,powered,false,half,upper
-1,Jungle Fence,minecraft:jungle_fence,,,,,,
-1,"Jungle Fence Gate (Facing East, Closed)",minecraft:jungle_fence_gate,facing,east,open,false,,
-1,"Jungle Fence Gate (Facing East, Opened)",minecraft:jungle_fence_gate,facing,east,open,true,,
-1,"Jungle Fence Gate (Facing North, Closed)",minecraft:jungle_fence_gate,facing,north,open,false,,
-1,"Jungle Fence Gate (Facing South, Closed)",minecraft:jungle_fence_gate,facing,south,open,false,,
-1,"Jungle Fence Gate (Facing West, Closed)",minecraft:jungle_fence_gate,facing,west,open,false,,
-1,"Jungle Fence Gate (Facing West, Opened)",minecraft:jungle_fence_gate,facing,west,open,true,,
-1,Jungle Leaves,minecraft:jungle_leaves,persistent,true,,,,
-1,Jungle Leaves (Check Decay),minecraft:jungle_leaves,,,,,,
290,Jungle Leaves (No Decay),minecraft:jungle_leaves,persistent,true,,,,
320,Jungle Leaves (No Decay and Check Decay),minecraft:jungle_leaves,persistent,true,,,,
22,Jungle Wood Plank,minecraft:jungle_planks,,,,,,
1408,"Sapling (Jungle, Ready to grow)",minecraft:jungle_sapling,,,,,,
202,Double Jungle Wood Slab,minecraft:jungle_slab,type,double,,,,
208,"(Jungle Wood, Bottom)",minecraft:jungle_slab,type,bottom,,,,
301,"(Jungle Wood, Upper)",minecraft:jungle_slab,type,top,,,,
220,"Jungle Wood Stairs (East, Normal)",minecraft:jungle_stairs,half,bottom,facing,east,,
636,"Jungle Wood Stairs (East, Upside-down)",minecraft:jungle_stairs,half,top,facing,east,,
635,"Jungle Wood Stairs (North, Normal)",minecraft:jungle_stairs,half,bottom,facing,north,,
639,"Jungle Wood Stairs (North, Upside-down)",minecraft:jungle_stairs,half,top,facing,north,,
634,"Jungle Wood Stairs (South, Normal)",minecraft:jungle_stairs,half,bottom,facing,south,,
638,"Jungle Wood Stairs (South, Upside-down)",minecraft:jungle_stairs,half,top,facing,south,,
633,"Jungle Wood Stairs (West, Normal)",minecraft:jungle_stairs,half,bottom,facing,west,,
637,"Jungle Wood Stairs (West, Upside-down)",minecraft:jungle_stairs,half,top,facing,west,,
-1,Jungle Wood (facing east/west),minecraft:jungle_log,axis,x,,,,
-1,Jungle Wood (facing north/south),minecraft:jungle_log,axis,z,,,,
438,Jungle Wood (only bark),minecraft:jungle_wood,,,,,,
32,Jungle Wood,minecraft:jungle_log,axis,y,,,,
350,Ladder (facing east),minecraft:ladder,facing,east,,,,
347,Ladder (facing north),minecraft:ladder,facing,north,,,,
348,Ladder (facing south),minecraft:ladder,facing,south,,,,
349,Ladder (facing west),minecraft:ladder,facing,west,,,,
51,Lapis Lazuli Block,minecraft:lapis_block,,,,,,
-1,Lapis Lazuli Ore,minecraft:lapis_ore,,,,,,
919,"Flower (Large Fern, Lower)",minecraft:large_fern,half,lower,,,,
926,"Flower (Large Fern, Upper)",minecraft:large_fern,half,upper,,,,
1604,"Lava (Height Level 2, Falling Lava)",minecraft:lava,level,8,,,,
1545,"Lava (Height Level 2, Still Lava)",minecraft:lava,level,2,,,,
-1,"Lava (Height Level 4, Falling Lava)",minecraft:lava,level,8,,,,
-1,"Lava (Height Level 4, Still Lava)",minecraft:lava,level,4,,,,
-1,"Lava (Height Level 6, Falling Lava)",minecraft:lava,level,8,,,,
-1,"Lava (Height Level 6, Still Lava)",minecraft:lava,level,6,,,,
1551,"Lava (Lava Source Block, Falling Lava)",minecraft:lava,level,8,,,,
1173,"Lava (Lava Source Block, Still Lava)",minecraft:lava,,,,,,
391,"Lever (On Block Side Facing East, Active)",minecraft:lever,face,wall,facing,east,powered,true
393,"Lever (On Block Side Facing North, Active)",minecraft:lever,face,wall,facing,north,powered,true
392,"Lever (On Block Side Facing South, Active)",minecraft:lever,face,wall,facing,south,powered,true
346,"Lever (On Block Side Facing West, Active)",minecraft:lever,face,wall,facing,west,powered,true
1325,"Lever (On Block Top Points East When Off, Active)",minecraft:lever,face,floor,powered,true,,
-1,"Lever (On Block Bottom Points East When Off, Active)",minecraft:lever,face,ceiling,powered,true,,
-1,"Lever (On Block Bottom Points East When Off, Not Active)",minecraft:lever,face,ceiling,powered,false,,
-1,"Lever (On Block Bottom Points South When Off, Active)",minecraft:lever,face,ceiling,powered,true,,
-1,"Lever (On Block Bottom Points South When Off, Not Active)",minecraft:lever,face,ceiling,powered,false,,
383,"Lever (On Block Side Facing East, Not Active)",minecraft:lever,face,wall,facing,east,powered,false
386,"Lever (On Block Side Facing North, Not Active)",minecraft:lever,face,wall,facing,north,powered,false
385,"Lever (On Block Side Facing South, Not Active)",minecraft:lever,face,wall,facing,south,powered,false
384,"Lever (On Block Side Facing West, Not Active)",minecraft:lever,face,wall,facing,west,powered,false
388,"Lever (On Block Top Points East When Off, Not Active)",minecraft:lever,face,floor,powered,false,,
1324,"Lever (On Block Top Points South When Off, Active)",minecraft:lever,face,floor,powered,true,,
387,"Lever (On Block Top Points South When Off, Not Active)",minecraft:lever,face,floor,powered,false,,
-1,Light Blue Carpet,minecraft:light_blue_carpet,,,,,,
-1,Light Blue Stained Glass,minecraft:light_blue_stained_glass,,,,,,
-1,Light Blue Stained Glass Pane,minecraft:light_blue_stained_glass_pane,,,,,,
247,Light Blue Stained Clay,minecraft:light_blue_terracotta,,,,,,
-1,Light Blue Wool,minecraft:light_blue_wool,,,,,,
1104,Light Gray Carpet,minecraft:light_gray_carpet,,,,,,
154,Light Gray Stained Glass,minecraft:light_gray_stained_glass,,,,,,
268,Light Gray Stained Glass Pane,minecraft:light_gray_stained_glass_pane,,,,,,
-1,Light Gray Stained Clay,minecraft:light_gray_terracotta,,,,,,
67,Light Gray Wool,minecraft:light_gray_wool,,,,,,
-1,Weighted Pressure Plate (light),minecraft:light_weighted_pressure_plate,,,,,,
917,"Flower (Lilac, Lower)",minecraft:lilac,half,lower,,,,
-1,"Flower (Lilac, Upper)",minecraft:lilac,half,upper,,,,
185,Lily Pad,minecraft:lily_pad,,,,,,
1101,Lime Carpet,minecraft:lime_carpet,,,,,,
-1,Lime Stained Glass,minecraft:lime_stained_glass,,,,,,
-1,Lime Stained Glass Pane,minecraft:lime_stained_glass_pane,,,,,,
-1,Lime Stained Clay,minecraft:lime_terracotta,,,,,,
65,Lime Wool,minecraft:lime_wool,,,,,,
-1,Magenta Carpet,minecraft:magenta_carpet,,,,,,
-1,Magenta Stained Glass,minecraft:magenta_stained_glass,,,,,,
-1,Magenta Stained Glass Pane,minecraft:magenta_stained_glass_pane,,,,,,
-1,Magenta Stained Clay,minecraft:magenta_terracotta,,,,,,
42,Magenta Wool,minecraft:magenta_wool,,,,,,
-1,Magma block,minecraft:magma_block,,,,,,
-1,Melon Block,minecraft:melon,,,,,,
-1,Melon Stem (Fifth stage of growth),minecraft:melon_stem,,,,,,
-1,Melon Stem (First stage of growth),minecraft:melon_stem,,,,,,
-1,Melon Stem (Fourth stage of growth),minecraft:melon_stem,,,,,,
-1,Melon Stem (Second stage of growth),minecraft:melon_stem,,,,,,
-1,Melon Stem (Seventh stage of growth),minecraft:melon_stem,,,,,,
-1,Melon Stem (Sixth stage of growth),minecraft:melon_stem,,,,,,
-1,Melon Stem (Third stage of growth),minecraft:melon_stem,,,,,,
96,Moss Stone,minecraft:mossy_cobblestone,,,,,,
224,Mossy Cobblestone Wall,minecraft:mossy_cobblestone_wall,,,,,,
170,Mossy Stone Bricks,minecraft:mossy_stone_bricks,,,,,,
-1,Mycelium,minecraft:mycelium,,,,,,
187,Nether Brick Fence,minecraft:nether_brick_fence,,,,,,
-1,Double Nether Brick Slab,minecraft:nether_brick_slab,type,double,,,,
-1,Nether Brick Slab,minecraft:nether_brick_slab,type,bottom,,,,
-1,Nether Brick Slab (Upper),minecraft:nether_brick_slab,type,top,,,,
188,"Nether Brick Stairs (East, Normal)",minecraft:nether_brick_stairs,half,bottom,facing,east,,
-1,"Nether Brick Stairs (East, Upside-down)",minecraft:nether_brick_stairs,half,top,facing,east,,
603,"Nether Brick Stairs (North, Normal)",minecraft:nether_brick_stairs,half,bottom,facing,north,,
-1,"Nether Brick Stairs (North, Upside-down)",minecraft:nether_brick_stairs,half,top,facing,north,,
602,"Nether Brick Stairs (South, Normal)",minecraft:nether_brick_stairs,half,bottom,facing,south,,
-1,"Nether Brick Stairs (South, Upside-down)",minecraft:nether_brick_stairs,half,top,facing,south,,
601,"Nether Brick Stairs (West, Normal)",minecraft:nether_brick_stairs,half,bottom,facing,west,,
-1,"Nether Brick Stairs (West, Upside-down)",minecraft:nether_brick_stairs,half,top,facing,west,,
186,Nether Brick,minecraft:nether_bricks,,,,,,
-1,Nether Portal (Axis X - Oriented East-West),minecraft:nether_portal,,,,,,
-1,Nether Portal (Axis Z - Oriented North-South),minecraft:nether_portal,,,,,,
-1,Nether Quartz Ore,minecraft:nether_quartz_ore,,,,,,
-1,Nether Wart (),minecraft:nether_wart,,,,,,
-1,Nether Wart Block,minecraft:nether_wart_block,,,,,,
135,Netherrack,minecraft:netherrack,,,,,,
56,Note Block,minecraft:note_block,,,,,,
-1,"Wooden Button (Facing Down, Inactive)",minecraft:oak_button,face,ceiling,,,,
-1,"Wooden Button (Facing Up, Inactive)",minecraft:oak_button,face,floor,,,,
394,"Wooden Button (Facing East, Inactive)",minecraft:oak_button,face,wall,facing,east,,
307,"Wooden Button (Facing North, Inactive)",minecraft:oak_button,face,wall,facing,north,,
305,"Wooden Button (Facing South, Inactive)",minecraft:oak_button,face,wall,facing,south,,
395,"Wooden Button (Facing West, Inactive)",minecraft:oak_button,face,wall,facing,west,,
-1,"Oak Door (Facing East, Opened)",minecraft:oak_door,facing,west,open,true,,
-1,"Oak Door (Facing North, Opened)",minecraft:oak_door,facing,south,open,true,,
-1,"Oak Door (Facing South, Opened)",minecraft:oak_door,facing,north,open,true,,
455,"Oak Door (Hinge Left, Powered, Upper)",minecraft:oak_door,hinge,left,powered,true,half,upper
456,"Oak Door (Hinge Right, Powered, Upper )",minecraft:oak_door,hinge,right,powered,true,half,upper
-1,"Oak Door (Hinge Right, Powered, Upper)",minecraft:oak_door,hinge,right,powered,true,half,upper
451,"Oak Door (Facing East, Closed, Lower)",minecraft:oak_door,facing,west,open,false,half,lower
453,"Oak Door (Facing East, Opened, Lower)",minecraft:oak_door,facing,west,open,true,half,lower
312,"Oak Door (Facing North, Opened, Lower)",minecraft:oak_door,facing,south,open,true,half,lower
454,"Oak Door (Facing South, Opened, Lower)",minecraft:oak_door,facing,north,open,true,half,lower
306,"Oak Door (Facing West, Opened, Lower)",minecraft:oak_door,facing,east,open,true,half,lower
450,"Oak Door (Facing North, Closed, Lower)",minecraft:oak_door,facing,south,open,false,half,lower
452,"Oak Door (Facing South, Closed, Lower)",minecraft:oak_door,facing,north,open,false,half,lower
112,"Oak Door (Facing West, Closed, Lower)",minecraft:oak_door,facing,east,open,false,half,lower
309,"Oak Door (Hinge Left, Unpowered, Upper",minecraft:oak_door,hinge,left,powered,false,half,upper
310,"Oak Door (Hinge Right, Unpowered, Upper)",minecraft:oak_door,hinge,right,powered,false,half,upper
133,Oak Fence,minecraft:oak_fence,,,,,,
1041,"Oak Fence Gate (Facing East, Opened)",minecraft:oak_fence_gate,facing,east,open,true,,
1040,"Oak Fence Gate (Facing North, Opened)",minecraft:oak_fence_gate,facing,north,open,true,,
1038,"Oak Fence Gate (Facing South, Opened)",minecraft:oak_fence_gate,facing,south,open,true,,
1039,"Oak Fence Gate (Facing West, Opened)",minecraft:oak_fence_gate,facing,west,open,true,,
1037,"Oak Fence Gate (Facing East, Closed)",minecraft:oak_fence_gate,facing,east,open,false,,
1036,"Oak Fence Gate (Facing North, Closed)",minecraft:oak_fence_gate,facing,north,open,false,,
181,"Oak Fence Gate (Facing South, Closed)",minecraft:oak_fence_gate,facing,south,open,false,,
-1,"Oak Fence Gate (Facing West, Closed)",minecraft:oak_fence_gate,facing,west,open,false,,
33,Oak Leaves,minecraft:oak_leaves,persistent,true,,,,
328,Oak Leaves (No Decay),minecraft:oak_leaves,persistent,true,,,,
1196,Oak Leaves (Check Decay),minecraft:oak_leaves,,,,,,
323,Oak Leaves (No Decay and Check Decay),minecraft:oak_leaves,persistent,true,,,,
29,Oak Wood,minecraft:oak_log,axis,y,,,,
295,Oak Wood (facing east/west),minecraft:oak_log,axis,x,,,,
294,Oak Wood (facing north/south),minecraft:oak_log,axis,z,,,,
19,Oak Wood Plank,minecraft:oak_planks,,,,,,
-1,Wooden Pressure Plate (Active),minecraft:oak_pressure_plate,powered,true,,,,
120,Wooden Pressure Plate (Unactive),minecraft:oak_pressure_plate,powered,false,,,,
-1,"Sapling (Oak, )",minecraft:oak_sapling,,,,,,
-1,"Sapling (Oak, Ready to grow)",minecraft:oak_sapling,,,,,,
-1,Standing Sign (East),minecraft:oak_sign,,,,,,
-1,Standing Sign (East-NorthEast),minecraft:oak_sign,,,,,,
-1,Standing Sign (East-SouthEast),minecraft:oak_sign,,,,,,
-1,Standing Sign (North),minecraft:oak_sign,,,,,,
-1,Standing Sign (North-NorthEast),minecraft:oak_sign,,,,,,
-1,Standing Sign (North-NorthWest),minecraft:oak_sign,,,,,,
-1,Standing Sign (South),minecraft:oak_sign,,,,,,
-1,Standing Sign (South-SouthEast),minecraft:oak_sign,,,,,,
-1,Standing Sign (South-SouthWest),minecraft:oak_sign,,,,,,
-1,Standing Sign (West),minecraft:oak_sign,,,,,,
-1,Standing Sign (West-NorthWest),minecraft:oak_sign,,,,,,
-1,Standing Sign (West-Southwest),minecraft:oak_sign,,,,,,
87,Wooden Slab,minecraft:oak_slab,type,bottom,,,,
205,Oak Wood Slab (Bottom),minecraft:oak_slab,type,bottom,,,,
325,Oak Wood Slab (Upper),minecraft:oak_slab,type,top,,,,
79,Double Wooden Slab,minecraft:oak_slab,type,double,,,,
199,Double Oak Wood Slab,minecraft:oak_slab,type,double,,,,
101,"Oak Wood Stairs (East, Normal)",minecraft:oak_stairs,half,bottom,facing,east,,
406,"Oak Wood Stairs (East, Upside-down)",minecraft:oak_stairs,half,top,facing,east,,
296,"Oak Wood Stairs (North, Normal)",minecraft:oak_stairs,half,bottom,facing,north,,
409,"Oak Wood Stairs (North, Upside-down)",minecraft:oak_stairs,half,top,facing,north,,
298,"Oak Wood Stairs (South, Normal)",minecraft:oak_stairs,half,bottom,facing,south,,
408,"Oak Wood Stairs (South, Upside-down)",minecraft:oak_stairs,half,top,facing,south,,
297,"Oak Wood Stairs (West, Normal)",minecraft:oak_stairs,half,bottom,facing,west,,
407,"Oak Wood Stairs (West, Upside-down)",minecraft:oak_stairs,half,top,facing,west,,
867,"Wooden Trapdoor (East from block, Closed, Bottom half)",minecraft:oak_trapdoor,half,bottom,facing,west,open,false
875,"Wooden Trapdoor (East from block, Closed, Top Half)",minecraft:oak_trapdoor,half,top,facing,west,open,false
871,"Wooden Trapdoor (East from block, Open, Bottom half)",minecraft:oak_trapdoor,half,bottom,facing,west,open,true
879,"Wooden Trapdoor (East from block, Open, Top Half)",minecraft:oak_trapdoor,half,top,facing,west,open,true
868,"Wooden Trapdoor (North from block, Closed, Bottom half)",minecraft:oak_trapdoor,half,bottom,facing,east,open,false
876,"Wooden Trapdoor (North from block, Closed, Top Half)",minecraft:oak_trapdoor,half,top,facing,east,open,false
872,"Wooden Trapdoor (North from block, Open, Bottom half)",minecraft:oak_trapdoor,half,bottom,facing,east,open,true
880,"Wooden Trapdoor (North from block, Open, Top Half)",minecraft:oak_trapdoor,half,top,facing,east,open,true
866,"Wooden Trapdoor (South from block, Closed, Bottom half)",minecraft:oak_trapdoor,half,bottom,facing,south,open,false
874,"Wooden Trapdoor (South from block, Closed, Top Half)",minecraft:oak_trapdoor,half,top,facing,south,open,false
870,"Wooden Trapdoor (South from block, Open, Bottom half)",minecraft:oak_trapdoor,half,bottom,facing,south,open,true
878,"Wooden Trapdoor (South from block, Open, Top Half)",minecraft:oak_trapdoor,half,top,facing,south,open,true
162,"Wooden Trapdoor (West from block, Closed, Bottom half)",minecraft:oak_trapdoor,half,bottom,facing,north,open,false
873,"Wooden Trapdoor (West from block, Closed, Top Half)",minecraft:oak_trapdoor,half,top,facing,north,open,false
869,"Wooden Trapdoor (West from block, Open, Bottom half)",minecraft:oak_trapdoor,half,bottom,facing,north,open,true
877,"Wooden Trapdoor (West from block, Open, Top Half)",minecraft:oak_trapdoor,half,top,facing,north,open,true
403,"Wall Sign, north",minecraft:oak_wall_sign,facing,north,,,,
404,"Wall Sign, south",minecraft:oak_wall_sign,facing,south,,,,
405,"Wall Sign, west",minecraft:oak_wall_sign,facing,west,,,,
327,Wall-mounted Sign Block west-northwest,minecraft:oak_wall_sign,facing,east,,,,
-1,Oak Wood (only bark),minecraft:oak_wood,,,,,,
97,Obsidian,minecraft:obsidian,,,,,,
-1,Orange Carpet,minecraft:orange_carpet,,,,,,
-1,Orange Stained Glass,minecraft:orange_stained_glass,,,,,,
-1,Orange Stained Glass Pane,minecraft:orange_stained_glass_pane,,,,,,
245,Orange Stained Clay,minecraft:orange_terracotta,,,,,,
-1,Orange Tulip,minecraft:orange_tulip,,,,,,
62,Orange Wool,minecraft:orange_wool,,,,,,
285,Oxeye Daisy,minecraft:oxeye_daisy,,,,,,
-1,Packed Ice,minecraft:packed_ice,,,,,,
921,"Flower (Peony, Lower)",minecraft:peony,half,lower,,,,
-1,Pink Carpet,minecraft:pink_carpet,,,,,,
-1,Pink Stained Glass,minecraft:pink_stained_glass,,,,,,
-1,Pink Stained Glass Pane,minecraft:pink_stained_glass_pane,,,,,,
-1,Pink Stained Clay,minecraft:pink_terracotta,,,,,,
-1,Pink Tulip,minecraft:pink_tulip,,,,,,
41,Pink Wool,minecraft:pink_wool,,,,,,
-1,"Piston (Facing east, Extended)",minecraft:piston,facing,east,extended,true,,
-1,"Piston (Facing east, Not Extended)",minecraft:piston,facing,east,,,,
-1,"Piston (Facing west, Extended)",minecraft:piston,facing,west,extended,true,,
-1,"Piston (Facing west, Not Extended)",minecraft:piston,facing,west,,,,
-1,"Piston (Facing down, Extended)",minecraft:piston,facing,down,extended,true,,
-1,"Piston (Facing down, Not Extended)",minecraft:piston,facing,down,,,,
-1,"Piston (Facing north, Extended)",minecraft:piston,facing,north,extended,true,,
502,"Piston (Facing north, Not Extended)",minecraft:piston,facing,north,,,,
-1,"Piston (Facing south, Extended)",minecraft:piston,facing,south,extended,true,,
503,"Piston (Facing south, Not Extended)",minecraft:piston,facing,south,,,,
681,"Piston (Facing up, Extended)",minecraft:piston,facing,up,extended,true,,
-1,"Piston (Facing up, Not Extended)",minecraft:piston,facing,up,,,,
-1,"Piston Head (Facing down, Extended)",minecraft:piston_head,facing,down,extended,true,,
-1,"Piston Head (Facing down, Not Extended)",minecraft:piston_head,facing,down,,,,
-1,"Piston Head (Facing east, Extended)",minecraft:piston_head,facing,east,extended,true,,
-1,"Piston Head (Facing east, Not Extended)",minecraft:piston_head,facing,east,,,,
-1,"Piston Head (Facing north, Extended)",minecraft:piston_head,facing,north,extended,true,,
-1,"Piston Head (Facing north, Not Extended)",minecraft:piston_head,facing,north,,,,
-1,"Piston Head (Facing south, Extended)",minecraft:piston_head,facing,south,extended,true,,
-1,"Piston Head (Facing south, Not Extended)",minecraft:piston_head,facing,south,,,,
-1,"Piston Head (Facing up, Extended)",minecraft:piston_head,facing,up,extended,true,,
1142,"Piston Head (Facing up, Not Extended)",minecraft:piston_head,facing,up,,,,
-1,"Piston Head (Facing west, Extended)",minecraft:piston_head,facing,west,extended,true,,
-1,"Piston Head (Facing west, Not Extended)",minecraft:piston_head,facing,west,,,,
687,"Piston (6-sided piston2, Extended)",minecraft:piston,facing,up,,,,
-1,"Piston Extension (Facing up, Extended)",minecraft:piston_head,facing,up,extended,true,,
-1,"Piston Extension (Facing up, Not Extended)",minecraft:piston_head,facing,up,,,,
-1,"Piston Extension (Facing down, Not Extended)",minecraft:piston_head,facing,down,,,,
-1,Mob Head (),minecraft:player_head,,,,,,
-1,Mob Head (On a Wall Facing East),minecraft:player_wall_head,facing,east,,,,
-1,Mob Head (On a Wall Facing North),minecraft:player_wall_head,facing,north,,,,
1424,Mob Head (On a Wall Facing South),minecraft:player_wall_head,facing,south,,,,
-1,Mob Head (On a Wall Facing West),minecraft:player_wall_head,facing,west,,,,
1422,Mob Head (On The Floor),minecraft:player_head,,,,,,
17,Podzol,minecraft:podzol,,,,,,
11,Polished Andesite,minecraft:polished_andesite,,,,,,
12,Polished Diorite,minecraft:polished_diorite,,,,,,
-1,Polished Granite,minecraft:polished_granite,,,,,,
282,Poppy,minecraft:poppy,,,,,,
-1,Potatoes (Growth level 0),minecraft:potatoes,age,0,,,,
-1,Potatoes (Growth level 1),minecraft:potatoes,age,1,,,,
-1,Potatoes (Growth level 2),minecraft:potatoes,age,2,,,,
-1,Potatoes (Growth level 3),minecraft:potatoes,age,3,,,,
-1,Potatoes (Growth level 4),minecraft:potatoes,age,4,,,,
-1,Potatoes (Growth level 5),minecraft:potatoes,age,5,,,,
-1,Potatoes (Growth level 6),minecraft:potatoes,age,6,,,,
1524,Potatoes (Growth level 7),minecraft:potatoes,age,7,,,,
-1,Acacia sapling Flower Pot,minecraft:potted_acacia_sapling,,,,,,
-1,Birch sapling Flower Pot,minecraft:potted_birch_sapling,,,,,,
340,Brown mushroom Flower Pot,minecraft:potted_brown_mushroom,,,,,,
-1,Cactus Flower Pot,minecraft:potted_cactus,,,,,,
334,Dandelion Flower Pot,minecraft:potted_dandelion,,,,,,
-1,Dead bush Flower Pot,minecraft:potted_dead_bush,,,,,,
343,Fern Flower Pot,minecraft:potted_fern,,,,,,
-1,Jungle sapling Flower Pot,minecraft:potted_jungle_sapling,,,,,,
-1,Oak sapling Flower Pot,minecraft:potted_oak_sapling,,,,,,
333,Poppy Flower Pot,minecraft:potted_poppy,,,,,,
-1,Red mushroom Flower Pot,minecraft:potted_red_mushroom,,,,,,
-1,Spruce sapling Flower Pot,minecraft:potted_spruce_sapling,,,,,,
-1,"Powered Rail (Flat North-South, Active)",minecraft:powered_rail,shape,north_south,powered,true,,
1297,"Powered Rail (Flat North-South, Not Active)",minecraft:powered_rail,shape,north_south,,,,
-1,"Powered Rail (Flat West-East, Active)",minecraft:powered_rail,shape,east_west,powered,true,,
1298,"Powered Rail (Flat West-East, Not Active)",minecraft:powered_rail,shape,east_west,,,,
-1,"Powered Rail (Sloped, Ascending to the East, Not Active)",minecraft:powered_rail,shape,ascending_east,,,,
-1,"Powered Rail (Sloped, Ascending to the West, Not Active)",minecraft:powered_rail,shape,ascending_west,,,,
-1,Prismarine,minecraft:prismarine,,,,,,
-1,Prismarine Bricks,minecraft:prismarine_bricks,,,,,,
-1,Pumpkin (Facing North),minecraft:pumpkin,,,,,,
-1,Pumpkin (Facing West),minecraft:pumpkin,,,,,,
-1,Pumpkin (Facing East),minecraft:pumpkin,,,,,,
-1,Pumpkin (Facing South),minecraft:pumpkin,,,,,,
-1,Pumpkin Stem (Seventh Stage of Growth),minecraft:pumpkin_stem,,,,,,
-1,Purple Carpet,minecraft:purple_carpet,,,,,,
-1,Purple Stained Glass,minecraft:purple_stained_glass,,,,,,
-1,Purple Stained Glass Pane,minecraft:purple_stained_glass_pane,,,,,,
-1,Purple Stained Clay,minecraft:purple_terracotta,,,,,,
43,Purple Wool,minecraft:purple_wool,,,,,,
-1,Purpur Block,minecraft:purpur_block,,,,,,
-1,Purpur Double Slab,minecraft:purpur_slab,,,,,,
-1,Purpur Slab,minecraft:purpur_slab,,,,,,
-1,"Purpur Stairs (East, Normal",minecraft:purpur_stairs,,,,,,
-1,"Purpur Stairs (East, Normal)",minecraft:purpur_stairs,,,,,,
-1,"Purpur Stairs (South, Normal)",minecraft:purpur_stairs,,,,,,
-1,"Purpur Stairs (West, Normal)",minecraft:purpur_stairs,,,,,,
225,Quartz Block,minecraft:quartz_block,,,,,,
243,Pillar Quartz Block,minecraft:quartz_pillar,axis,y,,,,
303,Pillar Quartz Block (east-west),minecraft:quartz_pillar,axis,x,,,,
299,Pillar Quartz Block (north-south),minecraft:quartz_pillar,axis,z,,,,
92,Quartz Slab,minecraft:quartz_slab,type,bottom,,,,
291,Quartz Slab (Upper),minecraft:quartz_slab,type,top,,,,
84,Double Quartz Slab,minecraft:quartz_slab,type,double,,,,
226,"Quartz Stairs (East, Normal)",minecraft:quartz_stairs,half,bottom,facing,east,,
289,"Quartz Stairs (East, Upside-down)",minecraft:quartz_stairs,half,top,facing,east,,
311,"Quartz Stairs (North, Normal)",minecraft:quartz_stairs,half,bottom,facing,north,,
293,"Quartz Stairs (North, Upside-down)",minecraft:quartz_stairs,half,top,facing,north,,
300,"Quartz Stairs (South, Normal)",minecraft:quartz_stairs,half,bottom,facing,south,,
287,"Quartz Stairs (South, Upside-down)",minecraft:quartz_stairs,half,top,facing,south,,
292,"Quartz Stairs (West, Normal)",minecraft:quartz_stairs,half,bottom,facing,west,,
288,"Quartz Stairs (West, Upside-down)",minecraft:quartz_stairs,half,top,facing,west,,
114,Rail,minecraft:rail,shape,north_south,,,,
360,Rail (curved; north and east),minecraft:rail,shape,north_east,,,,
359,Rail (curved; north and west),minecraft:rail,shape,north_west,,,,
362,Rail (curved; south and east),minecraft:rail,shape,south_east,,,,
361,Rail (curved; south and west),minecraft:rail,shape,south_west,,,,
366,"Rail (sloped, ascending to north)",minecraft:rail,shape,ascending_north,,,,
364,"Rail (sloped, ascending to east)",minecraft:rail,shape,ascending_east,,,,
367,"Rail (sloped, ascending to south)",minecraft:rail,shape,ascending_south,,,,
-1,"Rail (sloped, ascending to west)",minecraft:rail,shape,ascending_west,,,,
363,Rail (straight; east and west),minecraft:rail,shape,east_west,,,,
1110,Red  Carpet,minecraft:red_carpet,,,,,,
-1,Red mushroom,minecraft:red_mushroom,,,,,,
-1,Red Mushroom Block (Cap and stem),minecraft:red_mushroom_block,,,,,,
-1,Red Mushroom Block (Cap texture on all six sides),minecraft:red_mushroom_block,,,,,,
-1,Red Mushroom Block (Cap texture on top),minecraft:red_mushroom_block,,,,,,
-1,Red Mushroom Block (Cap texture on top and east),minecraft:red_mushroom_block,,,,,,
-1,Red Mushroom Block (Cap texture on top and north),minecraft:red_mushroom_block,,,,,,
-1,Red Mushroom Block (Cap texture on top and south),minecraft:red_mushroom_block,,,,,,
-1,Red Mushroom Block (Cap texture on top and west),minecraft:red_mushroom_block,,,,,,
-1,"Red Mushroom Block (Cap texture on top, east and south)",minecraft:red_mushroom_block,,,,,,
-1,"Red Mushroom Block (Cap texture on top, north and east)",minecraft:red_mushroom_block,,,,,,
-1,"Red Mushroom Block (Cap texture on top, south and west)",minecraft:red_mushroom_block,,,,,,
-1,"Red Mushroom Block (Cap texture on top, west and north )",minecraft:red_mushroom_block,,,,,,
-1,Red Mushroom Block (Pores on all sides),minecraft:red_mushroom_block,,,,,,
-1,"Red Mushroom Block (Stem texture on all sides, pores on top and b)",minecraft:red_mushroom_block,,,,,,
-1,Red Mushroom Block (Stem texture on all six sides),minecraft:red_mushroom_block,,,,,,
27,Red Sand,minecraft:red_sand,,,,,,
-1,Red Sandstone,minecraft:red_sandstone,,,,,,
-1,Double Red Sandstone Slab,minecraft:red_sandstone_slab,,,,,,
-1,"Red Sandstone Slab, Bottom",minecraft:red_sandstone_slab,,,,,,
-1,"Red Sandstone Slab, Upper",minecraft:red_sandstone_slab,,,,,,
-1,"Red Sandstone Stairs (East, Normal)",minecraft:red_sandstone_stairs,,,,,,
-1,"Red Sandstone Stairs (East, Upside-down)",minecraft:red_sandstone_stairs,,,,,,
-1,"Red Sandstone Stairs (North, Normal)",minecraft:red_sandstone_stairs,,,,,,
-1,"Red Sandstone Stairs (North, Upside-down)",minecraft:red_sandstone_stairs,,,,,,
-1,"Red Sandstone Stairs (South, Normal)",minecraft:red_sandstone_stairs,,,,,,
-1,"Red Sandstone Stairs (South, Upside-down)",minecraft:red_sandstone_stairs,,,,,,
-1,"Red Sandstone Stairs (West, Normal)",minecraft:red_sandstone_stairs,,,,,,
-1,"Red Sandstone Stairs (West, Upside-down)",minecraft:red_sandstone_stairs,,,,,,
-1,Red Stained Glass,minecraft:red_stained_glass,,,,,,
-1,Red Stained Glass Pane,minecraft:red_stained_glass_pane,,,,,,
258,Red Stained Clay,minecraft:red_terracotta,,,,,,
1185,Red Tulip,minecraft:red_tulip,,,,,,
72,Red Wool,minecraft:red_wool,,,,,,
-1,Redstone Block,minecraft:redstone_block,,,,,,
-1,Redstone Lamp (active),minecraft:redstone_lamp,lit,true,,,,
197,Redstone Lamp (inactive),minecraft:redstone_lamp,lit,false,,,,
-1,Redstone Ore,minecraft:redstone_ore,,,,,,
740,Redstone Torch (off) (Facing East),minecraft:redstone_wall_torch,facing,east,lit,false,,
743,Redstone Torch (off) (Facing North),minecraft:redstone_wall_torch,facing,north,lit,false,,
742,Redstone Torch (off) (Facing South),minecraft:redstone_wall_torch,facing,south,lit,false,,
-1,Redstone Torch (off) (Facing Up),minecraft:redstone_torch,lit,false,,,,
741,Redstone Torch (off) (Facing West),minecraft:redstone_wall_torch,facing,west,lit,false,,
-1,Redstone Torch (on) (),minecraft:redstone_torch,,,,,,
488,Redstone Torch (on) (Facing East),minecraft:redstone_wall_torch,facing,east,,,,
-1,Redstone Torch (on) (Facing North),minecraft:redstone_wall_torch,facing,north,,,,
490,Redstone Torch (on) (Facing South),minecraft:redstone_wall_torch,facing,south,,,,
492,Redstone Torch (on) (Facing Up),minecraft:redstone_torch,,,,,,
489,Redstone Torch (on) (Facing West),minecraft:redstone_wall_torch,facing,west,,,,
103,Redstone Wire (Power:0),minecraft:redstone_wire,,,,,,
733,Redstone Wire (Power:10),minecraft:redstone_wire,,,,,,
-1,Redstone Wire (Power:11),minecraft:redstone_wire,,,,,,
-1,Redstone Wire (Power:12),minecraft:redstone_wire,,,,,,
-1,Redstone Wire (Power:13),minecraft:redstone_wire,,,,,,
-1,Redstone Wire (Power:14),minecraft:redstone_wire,,,,,,
-1,Redstone Wire (Power:15),minecraft:redstone_wire,,,,,,
-1,Redstone Wire (Power:1),minecraft:redstone_wire,,,,,,
-1,Redstone Wire (Power:2),minecraft:redstone_wire,,,,,,
-1,Redstone Wire (Power:3),minecraft:redstone_wire,,,,,,
-1,Redstone Wire (Power:4),minecraft:redstone_wire,,,,,,
-1,Redstone Wire (Power:5),minecraft:redstone_wire,,,,,,
-1,Redstone Wire (Power:6),minecraft:redstone_wire,,,,,,
-1,Redstone Wire (Power:7),minecraft:redstone_wire,,,,,,
731,Redstone Wire (Power:8),minecraft:redstone_wire,,,,,,
732,Redstone Wire (Power:9),minecraft:redstone_wire,,,,,,
802,"Redstone Repeater Block (off) (Facing East, Delay of 1 tick)",minecraft:repeater,facing,west,delay,1,,
-1,"Redstone Repeater Block (off) (Facing East, Delay of 2 ticks",minecraft:repeater,facing,west,delay,2,,
-1,"Redstone Repeater Block (off) (Facing East, Delay of 3 ticks",minecraft:repeater,facing,west,delay,3,,
814,"Redstone Repeater Block (off) (Facing East, Delay of 4 ticks",minecraft:repeater,facing,west,delay,4,,
143,"Redstone Repeater Block (off) (Facing North, Delay of 1 tick",minecraft:repeater,facing,south,delay,1,,
-1,"Redstone Repeater Block (off) (Facing North, Delay of 2 tick",minecraft:repeater,facing,south,delay,2,,
-1,"Redstone Repeater Block (off) (Facing North, Delay of 3 tick",minecraft:repeater,facing,south,delay,3,,
-1,"Redstone Repeater Block (off) (Facing North, Delay of 4 tick",minecraft:repeater,facing,south,delay,4,,
803,"Redstone Repeater Block (off) (Facing South, Delay of 1 tick",minecraft:repeater,facing,north,delay,1,,
-1,"Redstone Repeater Block (off) (Facing South, Delay of 2 tick",minecraft:repeater,facing,north,delay,2,,
-1,"Redstone Repeater Block (off) (Facing South, Delay of 3 tick",minecraft:repeater,facing,north,delay,3,,
815,"Redstone Repeater Block (off) (Facing South, Delay of 4 tick",minecraft:repeater,facing,north,delay,4,,
804,"Redstone Repeater Block (off) (Facing West, Delay of 1 tick)",minecraft:repeater,facing,east,delay,1,,
-1,"Redstone Repeater Block (off) (Facing West, Delay of 2 ticks",minecraft:repeater,facing,east,delay,2,,
-1,"Redstone Repeater Block (off) (Facing West, Delay of 3 ticks",minecraft:repeater,facing,east,delay,3,,
816,"Redstone Repeater Block (off) (Facing West, Delay of 4 ticks",minecraft:repeater,facing,east,delay,4,,
-1,"Redstone Repeater Block (on) (Facing East, Delay of 1 tick)",minecraft:repeater,facing,west,delay,1,powered,true
-1,"Redstone Repeater Block (on) (Facing East, Delay of 3 ticks)",minecraft:repeater,facing,west,delay,3,powered,true
-1,"Redstone Repeater Block (on) (Facing East, Delay of 4 ticks)",minecraft:repeater,facing,west,delay,4,powered,true
-1,"Redstone Repeater Block (on) (Facing North, Delay of 1 tick)",minecraft:repeater,facing,south,delay,1,powered,true
-1,"Redstone Repeater Block (on) (Facing North, Delay of 2 ticks",minecraft:repeater,facing,south,delay,2,powered,true
-1,"Redstone Repeater Block (on) (Facing North, Delay of 3 ticks",minecraft:repeater,facing,south,delay,3,powered,true
-1,"Redstone Repeater Block (on) (Facing North, Delay of 4 ticks",minecraft:repeater,facing,south,delay,4,powered,true
-1,"Redstone Repeater Block (on) (Facing South, Delay of 1 tick)",minecraft:repeater,facing,north,delay,1,powered,true
-1,"Redstone Repeater Block (on) (Facing South, Delay of 3 ticks",minecraft:repeater,facing,north,delay,3,powered,true
-1,"Redstone Repeater Block (on) (Facing South, Delay of 4 ticks",minecraft:repeater,facing,north,delay,4,powered,true
-1,"Redstone Repeater Block (on) (Facing West, Delay of 1 tick)",minecraft:repeater,facing,east,delay,1,powered,true
-1,"Redstone Repeater Block (on) (Facing West, Delay of 2 ticks)",minecraft:repeater,facing,east,delay,2,powered,true
-1,"Redstone Repeater Block (on) (Facing West, Delay of 3 ticks)",minecraft:repeater,facing,east,delay,3,powered,true
-1,"Redstone Repeater Block (on) (Facing West, Delay of 4 ticks)",minecraft:repeater,facing,east,delay,4,powered,true
920,"Flower (Rose Bush, Lower)",minecraft:rose_bush,half,lower,,,,
26,Sand,minecraft:sand,,,,,,
53,Sandstone,minecraft:sandstone,,,,,,
86,Sandstone Slab,minecraft:sandstone_slab,type,bottom,,,,
494,Sandstone Slab (Upper),minecraft:sandstone_slab,type,top,,,,
77,Double Sandstone Slab,minecraft:sandstone_slab,type,double,,,,
212,"Sandstone Stairs (East, Normal)",minecraft:sandstone_stairs,half,bottom,facing,east,,
612,"Sandstone Stairs (East, Upside-down)",minecraft:sandstone_stairs,half,top,facing,east,,
611,"Sandstone Stairs (North, Normal)",minecraft:sandstone_stairs,half,bottom,facing,north,,
615,"Sandstone Stairs (North, Upside-down)",minecraft:sandstone_stairs,half,top,facing,north,,
610,"Sandstone Stairs (South, Normal)",minecraft:sandstone_stairs,half,bottom,facing,south,,
614,"Sandstone Stairs (South, Upside-down)",minecraft:sandstone_stairs,half,top,facing,south,,
609,"Sandstone Stairs (West, Normal)",minecraft:sandstone_stairs,half,bottom,facing,west,,
613,"Sandstone Stairs (West, Upside-down)",minecraft:sandstone_stairs,half,top,facing,west,,
-1,Sea Lantern,minecraft:sea_lantern,,,,,,
-1,Slime Block,minecraft:slime_block,,,,,,
-1,Smooth Red Sandstone,minecraft:smooth_red_sandstone,,,,,,
-1,Smooth Sandstone,minecraft:smooth_sandstone,,,,,,
1643,Smooth Double Stone Slab,minecraft:smooth_stone_slab,type,double,,,,
126,Snow  (One Layer),minecraft:snow,layers,1,,,,
1329,Snow  (Two Layers),minecraft:snow,layers,2,,,,
1330,Snow  (Three Layers),minecraft:snow,layers,3,,,,
1331,Snow  (Four Layers),minecraft:snow,layers,4,,,,
1332,Snow  (Five Layers),minecraft:snow,layers,5,,,,
-1,Snow  (Six Layers),minecraft:snow,layers,6,,,,
-1,Snow  (Seven Layers),minecraft:snow,layers,7,,,,
-1,Snow  (Eight Layers),minecraft:snow,layers,8,,,,
128,Snow Block,minecraft:snow_block,,,,,,
-1,Soul Sand,minecraft:soul_sand,,,,,,
-1,Monster Spawner,minecraft:spawner,,,,,,
-1,Sponge,minecraft:sponge,,,,,,
-1,"Spruce Door (Upper, Hinge left, Powered)",minecraft:spruce_door,hinge,left,powered,true,half,upper
958,"Spruce Door (Upper, Hinge left, Unpowered)",minecraft:spruce_door,hinge,left,powered,false,half,upper
-1,"Spruce Door (Upper, Hinge right, Powered)",minecraft:spruce_door,hinge,right,powered,true,half,upper
959,"Spruce Door (Upper, Hinge right, Unpowered)",minecraft:spruce_door,hinge,right,powered,false,half,upper
964,"Spruce Foor (Lower, Facing East, Closed)",minecraft:spruce_door,facing,west,open,false,half,lower
-1,"Spruce Foor (Lower, Facing East, Opened)",minecraft:spruce_door,facing,west,open,true,half,lower
-1,"Spruce Foor (Lower, Facing North, Closed)",minecraft:spruce_door,facing,south,open,false,half,lower
-1,"Spruce Foor (Lower, Facing North, Opened)",minecraft:spruce_door,facing,south,open,true,half,lower
-1,"Spruce Foor (Lower, Facing South, Closed)",minecraft:spruce_door,facing,north,open,false,half,lower
-1,"Spruce Foor (Lower, Facing South, Opened)",minecraft:spruce_door,facing,north,open,true,half,lower
-1,"Spruce Foor (Lower, Facing West, Closed)",minecraft:spruce_door,facing,east,open,false,half,lower
-1,"Spruce Foor (Lower, Facing West, Opened)",minecraft:spruce_door,facing,east,open,true,half,lower
907,Spruce Fence,minecraft:spruce_fence,,,,,,
-1,"Spruce Fence Gate (Facing East, Closed)",minecraft:spruce_fence_gate,facing,east,open,false,,
-1,"Spruce Fence Gate (Facing East, Opened)",minecraft:spruce_fence_gate,facing,east,open,true,,
-1,"Spruce Fence Gate (Facing North, Closed)",minecraft:spruce_fence_gate,facing,north,open,false,,
-1,"Spruce Fence Gate (Facing North, Opened)",minecraft:spruce_fence_gate,facing,north,open,true,,
1042,"Spruce Fence Gate (Facing South, Closed)",minecraft:spruce_fence_gate,facing,south,open,false,,
-1,"Spruce Fence Gate (Facing South, Opened)",minecraft:spruce_fence_gate,facing,south,open,true,,
-1,"Spruce Fence Gate (Facing West, Closed)",minecraft:spruce_fence_gate,facing,west,open,false,,
-1,"Spruce Fence Gate (Facing West, Opened)",minecraft:spruce_fence_gate,facing,west,open,true,,
-1,"Spruce Fence Gate (In Wall, Facing North, Opened)",minecraft:spruce_fence_gate,facing,north,open,true,in_wall,true
-1,Spruce Leaves,minecraft:spruce_leaves,persistent,true,,,,
329,Spruce Leaves (No Decay),minecraft:spruce_leaves,persistent,true,,,,
322,Spruce Leaves (No Decay and Check Decay),minecraft:spruce_leaves,persistent,true,,,,
20,Spruce Wood Plank,minecraft:spruce_planks,,,,,,
-1,"Sapling (Spruce, Ready to grow)",minecraft:spruce_sapling,,,,,,
206,Spruce Wood Slab (Bottom),minecraft:spruce_slab,type,bottom,,,,
1136,Spruce Wood Slab (Upper),minecraft:spruce_slab,type,top,,,,
200,Double Spruce Wood Slab,minecraft:spruce_slab,type,double,,,,
218,"Spruce Wood Stairs (East, Normal)",minecraft:spruce_stairs,half,bottom,facing,east,,
620,"Spruce Wood Stairs (East, Upside-down)",minecraft:spruce_stairs,half,top,facing,east,,
619,"Spruce Wood Stairs (North, Normal)",minecraft:spruce_stairs,half,bottom,facing,north,,
623,"Spruce Wood Stairs (North, Upside-down)",minecraft:spruce_stairs,half,top,facing,north,,
618,"Spruce Wood Stairs (South, Normal)",minecraft:spruce_stairs,half,bottom,facing,south,,
622,"Spruce Wood Stairs (South, Upside-down)",minecraft:spruce_stairs,half,top,facing,south,,
617,"Spruce Wood Stairs (West, Normal)",minecraft:spruce_stairs,half,bottom,facing,west,,
621,"Spruce Wood Stairs (West, Upside-down)",minecraft:spruce_stairs,half,top,facing,west,,
30,Spruce Wood,minecraft:spruce_log,axis,y,,,,
430,Spruce wood (facing east/west),minecraft:spruce_log,axis,x,,,,
433,Spruce Wood (facing north/south),minecraft:spruce_log,axis,z,,,,
-1,Spruce Wood (only bark),minecraft:spruce_wood,,,,,,
-1,"Sticky Piston (Facing down, Extended)",minecraft:sticky_piston,facing,down,extended,true,,
-1,"Sticky Piston (Facing down, Not Extended)",minecraft:sticky_piston,facing,down,extended,false,,
-1,"Sticky Piston (Facing east, Extended)",minecraft:sticky_piston,facing,east,extended,true,,
-1,"Sticky Piston (Facing east, Not Extended)",minecraft:sticky_piston,facing,east,extended,false,,
-1,"Sticky Piston (Facing north, Extended)",minecraft:sticky_piston,facing,north,extended,true,,
-1,"Sticky Piston (Facing north, Not Extended)",minecraft:sticky_piston,facing,north,extended,false,,
-1,"Sticky Piston (Facing south, Extended)",minecraft:sticky_piston,facing,south,extended,true,,
-1,"Sticky Piston (Facing south, Not Extended)",minecraft:sticky_piston,facing,south,extended,false,,
-1,"Sticky Piston (Facing up, Extended)",minecraft:sticky_piston,facing,up,extended,true,,
689,"Sticky Piston (Facing up, Not Extended)",minecraft:sticky_piston,facing,up,extended,false,,
-1,"Sticky Piston (Facing west, Extended)",minecraft:sticky_piston,facing,west,extended,true,,
-1,"Sticky Piston (Facing west, Not Extended)",minecraft:sticky_piston,facing,west,extended,false,,
4,Stone,minecraft:stone,,,,,,
498,Stone Brick Slab (Upper),minecraft:stone_brick_slab,type,top,,,,
90,Stone Brick Slab,minecraft:stone_brick_slab,type,bottom,,,,
82,Double Stone Brick Slab,minecraft:stone_brick_slab,type,double,,,,
183,Stone Brick Stairs (East),minecraft:stone_brick_stairs,half,bottom,facing,east,,
484,"Stone Brick Stairs (East, Upside-down)",minecraft:stone_brick_stairs,half,top,facing,east,,
483,"Stone Brick Stairs (North, Normal)",minecraft:stone_brick_stairs,half,bottom,facing,north,,
487,"Stone Brick Stairs (North, Upside-down)",minecraft:stone_brick_stairs,half,top,facing,north,,
482,"Stone Brick Stairs (South, Normal)",minecraft:stone_brick_stairs,half,bottom,facing,south,,
486,"Stone Brick Stairs (South, Upside-down)",minecraft:stone_brick_stairs,half,top,facing,south,,
351,Stone Brick Stairs (West),minecraft:stone_brick_stairs,half,bottom,facing,west,,
485,"Stone Brick Stairs (West, Upside-down)",minecraft:stone_brick_stairs,half,top,facing,west,,
169,Stone Bricks,minecraft:stone_bricks,,,,,,
-1,"Stone Button (Facing Down, Inactive)",minecraft:stone_button,face,ceiling,,,,
-1,"Stone Button (Facing Up, Active)",minecraft:stone_button,face,floor,powered,true,,
762,"Stone Button (Facing Up, Inactive)",minecraft:stone_button,face,floor,,,,
758,"Stone Button (Facing East, Inactive)",minecraft:stone_button,face,wall,facing,east,,
308,"Stone Button (Facing North, Inactive)",minecraft:stone_button,face,wall,facing,north,,
304,"Stone Button (Facing South, Inactive)",minecraft:stone_button,face,wall,facing,south,,
759,"Stone Button (Facing West, Inactive)",minecraft:stone_button,face,wall,facing,west,,
-1,Stone Pressure Plate (Active),minecraft:stone_pressure_plate,powered,true,,,,
118,Stone Pressure Plate (Unactive),minecraft:stone_pressure_plate,powered,false,,,,
85,Stone Slab,minecraft:smooth_stone_slab,type,bottom,,,,
495,(Stone) Wooden Slab (Upper),minecraft:oak_slab,type,top,,,,
493,Stone Slab (Upper),minecraft:smooth_stone_slab,type,top,,,,
78,Double Stone Slab,minecraft:smooth_stone_slab,type,double,,,,
131,Sugar Canes (Freshly Planted Cane),minecraft:sugar_cane,age,0,,,,
-1,Sugar Canes (First stage of growth),minecraft:sugar_cane,age,1,,,,
-1,Sugar Canes (Second stage of growth),minecraft:sugar_cane,age,2,,,,
-1,Sugar Canes (Third stage of growth),minecraft:sugar_cane,age,3,,,,
-1,Sugar Canes (Fourth stage of growth),minecraft:sugar_cane,age,4,,,,
-1,Sugar Canes (Fifth stage of growth),minecraft:sugar_cane,age,5,,,,
-1,Sugar Canes (Sixth stage of growth),minecraft:sugar_cane,age,6,,,,
-1,Sugar Canes (Seventh stage of growth),minecraft:sugar_cane,age,7,,,,
-1,Sugar Canes (Eigth stage of growth),minecraft:sugar_cane,age,8,,,,
-1,Sugar Canes (Ninth stage of growth),minecraft:sugar_cane,age,9,,,,
-1,Sugar Canes (Tenth stage of growth),minecraft:sugar_cane,age,10,,,,
-1,Sugar Canes (Eleventh stage of growth),minecraft:sugar_cane,age,11,,,,
-1,Sugar Canes (Thirteenth stage of growth),minecraft:sugar_cane,age,13,,,,
-1,Sugar Canes (Fourteenth stage of growth),minecraft:sugar_cane,age,14,,,,
-1,Sugar Canes (Fifteenth stage of growth),minecraft:sugar_cane,age,15,,,,
-1,"Flower (Sunflower, Lower)",minecraft:sunflower,half,lower,,,,
923,"Flower (Sunflower, Upper)",minecraft:sunflower,half,upper,,,,
918,"Flower (Double Tallgrass, Lower)",minecraft:tall_grass,half,lower,,,,
925,"Flower (Double Tallgrass, Upper)",minecraft:tall_grass,half,upper,,,,
-1,Hardened Clay,minecraft:terracotta,,,,,,
-1,TNT,minecraft:tnt,,,,,,
446,Torch (Facing East),minecraft:wall_torch,facing,east,,,,
449,Torch (Facing North),minecraft:wall_torch,facing,north,,,,
448,Torch (Facing South),minecraft:wall_torch,facing,south,,,,
332,Torch (Facing Up),minecraft:torch,,,,,,
447,Torch (Facing West),minecraft:wall_torch,facing,west,,,,
944,Trapped Chest (Facing East),minecraft:trapped_chest,facing,east,,,,
941,Trapped Chest (Facing North),minecraft:trapped_chest,facing,north,,,,
942,Trapped Chest (Facing South),minecraft:trapped_chest,facing,south,,,,
943,Trapped Chest (Facing West),minecraft:trapped_chest,facing,west,,,,
-1,"Tripwire (Unactive, In the Air, Attached to a Circuit, Armed",minecraft:tripwire,,,,,,
-1,"Tripwire (Unactive, In the Air, Unattached, Armed)",minecraft:tripwire,,,,,,
216,"Tripwire (Unactive, On a Block, Unattached, Armed)",minecraft:tripwire,,,,,,
412,Tripwire Hook (Facing East),minecraft:tripwire_hook,facing,east,,,,
411,Tripwire Hook (Facing North),minecraft:tripwire_hook,facing,north,,,,
215,Tripwire Hook,minecraft:tripwire_hook,facing,south,,,,
-1,Tripwire Hook (Facing West),minecraft:tripwire_hook,facing,west,,,,
-1,"Tripwire hook (Facing East, Ready, Middle Pos)",minecraft:tripwire_hook,facing,east,attached,true,,
-1,"Tripwire Hook (Facing North, Ready, Middle Pos)",minecraft:tripwire_hook,facing,north,attached,true,,
-1,"Tripwire Hook (Ready, Middle Pos)",minecraft:tripwire_hook,facing,south,attached,true,,
-1,"Tripwire Hook (Facing West, Ready, Middle Pos)",minecraft:tripwire_hook,facing,west,attached,true,,
1177,Vines (),minecraft:vine,south,true,,,,
180,Vines (Above),minecraft:vine,up,true,,,,
1179,Vines (East),minecraft:vine,east,true,,,,
1516,Vines (multiple sides),minecraft:vine,north,true,,,,
-1,Vines (multiple sides 1),minecraft:vine,,,,,,
-1,Vines (multiple sides 2),minecraft:vine,,,,,,
-1,Vines (multiple sides 3),minecraft:vine,,,,,,
-1,Vines (multiple sides 4),minecraft:vine,,,,,,
-1,Vines (multiple sides 5),minecraft:vine,,,,,,
-1,Vines (multiple sides 6),minecraft:vine,,,,,,
1178,Vines (North),minecraft:vine,north,true,,,,
-1,Vines (North & East),minecraft:vine,north,true,east,true,,
-1,Vines (North&West),minecraft:vine,north,true,west,true,,
1175,Vines (South),minecraft:vine,south,true,,,,
-1,Vines (South & East),minecraft:vine,south,true,east,true,,
1176,Vines (West),minecraft:vine,west,true,,,,
468,Water (Water level Max),minecraft:water,level,1,,,,
469,Water (Water level Max - 1),minecraft:water,level,2,,,,
470,Water (Water level Max - 2),minecraft:water,level,3,,,,
471,Water (Water level Max - 3),minecraft:water,level,4,,,,
472,Water (Water level Max - 4),minecraft:water,level,5,,,,
473,Water (Water level Min + 1),minecraft:water,level,6,,,,
474,Water (Water level Min),minecraft:water,level,7,,,,
475,"Water (Water level Max, Falling)",minecraft:water,level,8,,,,
476,"Water (Water level Max - 1, Falling)",minecraft:water,level,8,,,,
477,"Water (Water level Max - 2, Falling)",minecraft:water,level,8,,,,
478,"Water (Water level Max - 3, Falling)",minecraft:water,level,8,,,,
-1,"Water (Water level Max - 4, Falling)",minecraft:water,level,8,,,,
-1,"Water (Water level Max - 5, Falling)",minecraft:water,level,8,,,,
-1,"Water (Water level Min +1, Falling)",minecraft:water,level,8,,,,
-1,"Water (Water level Min, Falling)",minecraft:water,level,8,,,,
331,Still Water,minecraft:water,,,,,,
-1,Wet Sponge,minecraft:wet_sponge,,,,,,
-1,Wheat (Age 0),minecraft:wheat,age,0,,,,
-1,Wheat (Age 1),minecraft:wheat,age,1,,,,
-1,Wheat (Age 2),minecraft:wheat,age,2,,,,
-1,Wheat (Age 3),minecraft:wheat,age,3,,,,
-1,Wheat (Age 4),minecraft:wheat,age,4,,,,
-1,Wheat (Age 5),minecraft:wheat,age,5,,,,
-1,Wheat (Age 6),minecraft:wheat,age,6,,,,
1466,Wheat (Age 7),minecraft:wheat,age,7,,,,
508,"Bed (North, Empty, Foot of the bed)",minecraft:white_bed,facing,north,part,foot,,
521,"Bed (North, Empty, Head of the bed)",minecraft:white_bed,facing,north,part,head,,
57,"Bed (South, Empty, Foot of the bed)",minecraft:white_bed,facing,south,part,foot,,
514,"Bed (South, Empty, Head of the bed)",minecraft:white_bed,facing,south,part,head,,
509,"Bed (East, Empty, Foot of the bed)",minecraft:white_bed,facing,east,part,foot,,
516,"Bed (East, Empty, Head of the bed)",minecraft:white_bed,facing,east,part,head,,
507,"Bed (West, Empty, Foot of the bed)",minecraft:white_bed,facing,west,part,foot,,
515,"Bed (West, Empty, Head of the bed)",minecraft:white_bed,facing,west,part,head,,
1096,White Carpet,minecraft:white_carpet,,,,,,
-1,White Stained Glass,minecraft:white_stained_glass,,,,,,
260,White Stained Glass Pane,minecraft:white_stained_glass_pane,,,,,,
244,White Stained Clay,minecraft:white_terracotta,,,,,,
1187,White Tulip,minecraft:white_tulip,,,,,,
40,White Wool,minecraft:white_wool,,,,,,
1100,Yellow Carpet,minecraft:yellow_carpet,,,,,,
-1,Yellow Stained Glass,minecraft:yellow_stained_glass,,,,,,
-1,Yellow Stained Glass Pane,minecraft:yellow_stained_glass_pane,,,,,,
-1,Yellow Stained Clay,minecraft:yellow_terracotta,,,,,,
64,Yellow Wool,minecraft:yellow_wool,,,,,,
372,Wall-Mounted Banner (west-northwest),minecraft:white_wall_banner,facing,east,,,,
371,Wall-Mounted Banner (west),minecraft:white_wall_banner,facing,west,,,,
368,Wall-Mounted Banner (west-southwest),minecraft:white_wall_banner,facing,south,,,,
